Workbook

Sheet Raw Data
A1: Employee ID | B1: Name | C1: Department | D1: Country | E1: Salary | F1: Date of Joining | G1: Performance Rating | H1: Gender | I1: Email
A2: EMP1000 | C2: Finance | E2: N/A | G2: 2 | H2: Unknown | I2: invalid_email
A3: EMP1001 | B3: Eve Adams | C3: HR | D3: Germany | E3: 54255 | F3: 42015 | G3: 1 | H3: Other | I3: user106@example.com
A4: EMP1002 | B4: Alice Brown | C4: Finance | D4: Germany | E4: 63184 | F4: 42022 | G4: 2 | I4: user176@example.com
A5: EMP1003 | B5: John Doe | C5: Sales | D5: USA | E5: 94406 | F5: 42029 | G5: 1 | H5: Male | I5: user168@example.com
A6: EMP1004 | B6: Jane Smith | C6: Sales | D6: Germany | E6: 64120 | F6: 42036 | G6: 1 | H6: Male | I6: user49@example.com
A7: EMP1005 | B7: Alice Brown | C7: IT | D7: India | E7: 78421 | F7: 42043 | G7: 2 | H7: Female | I7: user24@example.com
A8: EMP1006 | B8: Sam Wilson | C8: Sales | E8: 67721 | F8: 42050 | H8: Male | I8: user168@example.com
A9: EMP1007 | B9: Chris Lee | C9: Marketing | E9: 35364 | F9: 42057 | G9: 2 | H9: Other | I9: user26@example.com
A10: EMP1008 | B10: Alice Brown | C10: IT | D10: Germany | E10: 97881 | F10: 42064 | H10: Female | I10: user25@example.com
A11: EMP1009 | B11: Chris Lee | C11: HR | D11: UK | E11: 91846 | F11: 42071 | H11: Male | I11: user153@example.com
A12: EMP1010 | B12: Sam Wilson | C12: Finance | D12: UK | E12: 64247 | F12: 42078 | G12: 1 | H12: Female | I12: user18@example.com
A13: EMP1011 | B13: Sam Wilson | C13: IT | D13: USA | E13: 91180 | F13: 42085 | G13: 5 | H13: Male | I13: user1@example.com
A14: EMP1012 | B14: Bob Johnson | C14: Sales | E14: 96418 | F14: 42092 | G14: 5 | H14: Male | I14: user106@example.com
A15: EMP1013 | B15: Sam Wilson | D15: India | E15: 62158 | F15: 42099 | G15: 4 | I15: user180@example.com
A16: EMP1014 | B16: Jane Smith | C16: HR | E16: 59894 | F16: 42106 | G16: 2 | H16: Male | I16: user184@example.com
A17: EMP1015 | C17: IT | D17: India | E17: 92443 | F17: 42113 | G17: 3 | H17: Other | I17: user3@example.com
A18: EMP1016 | B18: Bob Johnson | D18: Germany | E18: 90271 | F18: 42120 | I18: user64@example.com
A19: EMP1017 | B19: Jane Smith | C19: Finance | D19: Australia | E19: 41341 | F19: 42127 | G19: 1 | H19: Other | I19: user38@example.com
A20: EMP1018 | B20: Alice Brown | C20: Finance | D20: UK | E20: 73602 | F20: 42134 | I20: user96@example.com
A21: EMP1019 | B21: Eve Adams | D21: India | E21: 67531 | F21: 42141 | G21: 5 | H21: Female | I21: user151@example.com
A22: EMP1020 | B22: Jane Smith | C22: HR | D22: USA | E22: N/A | F22: 42148 | G22: 2 | H22: Other | I22: user200@example.com
A23: EMP1021 | B23: Jane Smith | C23: HR | E23: 98922 | F23: 42155 | G23: 4 | I23: user77@example.com
A24: EMP1022 | B24: Eve Adams | C24: Finance | D24: India | E24: 38333 | F24: 42162 | G24: 5 | I24: user128@example.com
A25: EMP1023 | B25: Alice Brown | C25: Marketing | D25: UK | E25: 36515 | F25: 42169 | G25: 3 | H25: Male | I25: user149@example.com
A26: EMP1024 | B26: Sam Wilson | C26: Finance | E26: 91005 | F26: 42176 | G26: 1 | H26: Other | I26: user122@example.com
A27: EMP1025 | B27: Chris Lee | E27: 52272 | F27: 42183 | G27: 3 | I27: user41@example.com
A28: EMP1026 | B28: Eve Adams | C28: Sales | D28: Germany | E28: 76518 | F28: 42190 | G28: 2 | H28: Female | I28: user68@example.com
A29: EMP1027 | B29: Alice Brown | C29: IT | D29: UK | E29: 41448 | F29: 42197 | G29: 3 | H29: Other | I29: user103@example.com
A30: EMP1028 | B30: John Doe | C30: HR | D30: UK | E30: 49282 | F30: 42204 | G30: 2 | H30: Female | I30: user135@example.com
A31: EMP1029 | B31: Bob Johnson | C31: Marketing | D31: UK | E31: 92959 | F31: 42211 | G31: 5 | I31: user83@example.com
A32: EMP1030 | C32: Marketing | E32: 92259 | G32: 1 | H32: Unknown | I32: user109@example.com
A33: EMP1031 | B33: Eve Adams | C33: HR | D33: Germany | E33: 92299 | F33: 42225 | G33: 3 | H33: Male | I33: user143@example.com
A34: EMP1032 | B34: Sam Wilson | C34: HR | E34: 95586 | F34: 42232 | G34: 3 | H34: Other | I34: user190@example.com
A35: EMP1033 | B35: Chris Lee | D35: USA | E35: 95367 | F35: 42239 | H35: Male | I35: user136@example.com
A36: EMP1034 | B36: John Doe | C36: Sales | D36: Australia | E36: 79549 | F36: 42246 | G36: 3 | I36: user198@example.com
A37: EMP1035 | B37: Alice Brown | D37: UK | E37: 54463 | F37: 42253 | G37: 4 | H37: Male | I37: invalid_email
A38: EMP1036 | B38: Alice Brown | C38: IT | D38: USA | E38: 89781 | F38: 42260 | H38: Female | I38: user31@example.com
A39: EMP1037 | B39: Alice Brown | C39: HR | E39: 64796 | F39: 42267 | H39: Other | I39: user98@example.com
A40: EMP1038 | B40: John Doe | C40: Marketing | D40: UK | E40: 52093 | F40: 42274 | G40: 5 | I40: user154@example.com
A41: EMP1039 | B41: Chris Lee | C41: HR | D41: UK | E41: 48224 | F41: 42281 | G41: 3 | I41: user42@example.com
A42: EMP1040 | B42: Bob Johnson | C42: Finance | D42: UK | E42: N/A | G42: 4 | H42: Female | I42: user89@example.com
A43: EMP1041 | B43: Alice Brown | C43: IT | D43: Germany | E43: 33956 | F43: 42295 | I43: user47@example.com
A44: EMP1042 | B44: Bob Johnson | D44: Australia | E44: 64913 | F44: 42302 | G44: 1 | H44: Female | I44: user175@example.com
A45: EMP1043 | B45: Alice Brown | C45: Marketing | D45: Australia | E45: 35326 | F45: 42309 | H45: Female | I45: user57@example.com
A46: EMP1044 | B46: Chris Lee | C46: Finance | E46: 81610 | F46: 42316 | G46: 1 | I46: user20@example.com
A47: EMP1045 | C47: HR | E47: 58962 | F47: 42323 | G47: 3 | H47: Other | I47: user106@example.com
A48: EMP1046 | B48: Chris Lee | C48: IT | D48: Germany | E48: 92701 | F48: 42330 | G48: 3 | H48: Other | I48: user199@example.com
A49: EMP1047 | B49: Chris Lee | C49: HR | D49: India | E49: 58245 | F49: 42337 | G49: 4 | I49: user43@example.com
A50: EMP1048 | B50: John Doe | C50: Finance | E50: 66513 | F50: 42344 | G50: 2 | H50: Other | I50: user24@example.com
A51: EMP1049 | B51: Eve Adams | C51: HR | D51: Germany | E51: 78720 | F51: 42351 | G51: 5 | H51: Female | I51: user89@example.com
A52: EMP1050 | B52: Chris Lee | E52: 30686 | G52: 2 | H52: Female | I52: user95@example.com
A53: EMP1051 | B53: Sam Wilson | C53: Sales | D53: India | E53: 39423 | F53: 42365 | G53: 5 | I53: user59@example.com
A54: EMP1052 | B54: Eve Adams | C54: Marketing | E54: 30280 | F54: 42372 | G54: 1 | I54: user152@example.com
A55: EMP1053 | B55: Eve Adams | C55: Finance | D55: UK | E55: 33352 | F55: 42379 | G55: 3 | H55: Female | I55: user200@example.com
A56: EMP1054 | B56: Bob Johnson | C56: Marketing | D56: UK | E56: 75633 | F56: 42386 | G56: 5 | H56: Other | I56: user92@example.com
A57: EMP1055 | B57: Chris Lee | D57: USA | E57: 74815 | F57: 42393 | G57: 5 | H57: Female | I57: user50@example.com
A58: EMP1056 | B58: John Doe | C58: Sales | D58: Australia | E58: 60011 | F58: 42400 | G58: 1 | H58: Male | I58: user63@example.com
A59: EMP1057 | B59: Eve Adams | D59: India | E59: 96949 | F59: 42407 | G59: 3 | I59: user103@example.com
A60: EMP1058 | B60: Sam Wilson | C60: Marketing | E60: 84924 | F60: 42414 | G60: 5 | H60: Male | I60: user150@example.com
A61: EMP1059 | B61: Sam Wilson | C61: Finance | D61: USA | E61: 82033 | F61: 42421 | G61: 1 | I61: user20@example.com
A62: EMP1060 | C62: Marketing | D62: Germany | E62: N/A | G62: 5 | H62: Unknown | I62: user112@example.com
A63: EMP1061 | B63: Eve Adams | D63: Australia | E63: 31499 | F63: 42435 | G63: 2 | I63: user31@example.com
A64: EMP1062 | B64: Chris Lee | C64: IT | D64: UK | E64: 97981 | F64: 42442 | G64: 5 | H64: Female | I64: user71@example.com
A65: EMP1063 | B65: Eve Adams | C65: HR | D65: USA | E65: 36541 | F65: 42449 | G65: 2 | H65: Other | I65: user97@example.com
A66: EMP1064 | B66: John Doe | C66: IT | D66: India | E66: 84737 | F66: 42456 | G66: 1 | H66: Male | I66: user141@example.com
A67: EMP1065 | B67: Sam Wilson | C67: Finance | D67: India | E67: 33468 | F67: 42463 | G67: 4 | H67: Male | I67: user125@example.com
A68: EMP1066 | B68: Sam Wilson | D68: Australia | E68: 96365 | F68: 42470 | G68: 3 | H68: Other | I68: user90@example.com
A69: EMP1067 | B69: Alice Brown | C69: Sales | D69: India | E69: 61942 | F69: 42477 | G69: 3 | H69: Female | I69: user192@example.com
A70: EMP1068 | B70: Sam Wilson | C70: Finance | D70: UK | E70: 41467 | F70: 42484 | G70: 2 | I70: user77@example.com
A71: EMP1069 | B71: Bob Johnson | C71: Finance | D71: India | E71: 77096 | F71: 42491 | G71: 1 | I71: user65@example.com
A72: EMP1070 | B72: Eve Adams | C72: Sales | D72: Australia | E72: 69952 | F72: 42498 | G72: 5 | H72: Female | I72: invalid_email
A73: EMP1071 | B73: Eve Adams | C73: Marketing | D73: USA | E73: 85065 | F73: 42505 | G73: 3 | I73: user142@example.com
A74: EMP1072 | B74: Bob Johnson | C74: Marketing | D74: India | E74: 56512 | F74: 42512 | H74: Other | I74: user153@example.com
A75: EMP1073 | B75: John Doe | C75: Sales | D75: India | E75: 91101 | F75: 42519 | G75: 4 | H75: Female | I75: user71@example.com
A76: EMP1074 | B76: Sam Wilson | D76: Germany | E76: 41243 | F76: 42526 | I76: user143@example.com
A77: EMP1075 | C77: Sales | E77: 96142 | F77: 42533 | G77: 1 | H77: Other | I77: user17@example.com
A78: EMP1076 | B78: Eve Adams | C78: IT | D78: India | E78: 94301 | F78: 42540 | G78: 1 | H78: Male | I78: user20@example.com
A79: EMP1077 | B79: Jane Smith | D79: UK | E79: 69166 | F79: 42547 | G79: 1 | H79: Female | I79: user22@example.com
A80: EMP1078 | B80: Sam Wilson | D80: UK | E80: 78245 | F80: 42554 | G80: 2 | I80: user46@example.com
A81: EMP1079 | B81: Chris Lee | C81: Sales | D81: USA | E81: 66079 | F81: 42561 | G81: 2 | H81: Other | I81: user55@example.com
A82: EMP1080 | B82: Eve Adams | C82: Marketing | D82: India | E82: N/A | I82: user135@example.com
A83: EMP1081 | B83: Jane Smith | C83: Sales | D83: USA | E83: 95621 | F83: 42575 | G83: 3 | H83: Female | I83: user156@example.com
A84: EMP1082 | B84: Eve Adams | C84: IT | D84: UK | E84: 42262 | F84: 42582 | G84: 1 | I84: user104@example.com
A85: EMP1083 | B85: Sam Wilson | C85: Sales | D85: India | E85: 99621 | F85: 42589 | H85: Other | I85: user145@example.com
A86: EMP1084 | B86: John Doe | C86: Marketing | D86: India | E86: 44682 | F86: 42596 | G86: 4 | H86: Female | I86: user47@example.com
A87: EMP1085 | B87: Chris Lee | C87: Finance | E87: 35163 | F87: 42603 | G87: 5 | H87: Other | I87: user197@example.com
A88: EMP1086 | B88: Chris Lee | C88: IT | D88: India | E88: 33483 | F88: 42610 | G88: 4 | H88: Male | I88: user177@example.com
A89: EMP1087 | B89: Sam Wilson | C89: HR | D89: Germany | E89: 55303 | F89: 42617 | G89: 4 | H89: Male | I89: user149@example.com
A90: EMP1088 | B90: Chris Lee | C90: IT | E90: 63434 | F90: 42624 | G90: 3 | I90: user48@example.com
A91: EMP1089 | B91: Jane Smith | D91: Australia | E91: 38830 | F91: 42631 | G91: 3 | H91: Other | I91: user149@example.com
A92: EMP1090 | C92: Marketing | D92: UK | E92: 50741 | F92: 42638 | G92: 3 | H92: Unknown | I92: user65@example.com
A93: EMP1091 | B93: Alice Brown | C93: HR | D93: Australia | E93: 69420 | F93: 42645 | G93: 1 | H93: Male | I93: user43@example.com
A94: EMP1092 | B94: Jane Smith | C94: IT | E94: 80588 | F94: 42652 | G94: 5 | H94: Male | I94: user98@example.com
A95: EMP1093 | B95: Alice Brown | D95: USA | E95: 76238 | F95: 42659 | G95: 4 | H95: Male | I95: user102@example.com
A96: EMP1094 | B96: Bob Johnson | C96: IT | D96: India | E96: 33264 | F96: 42666 | H96: Female | I96: user148@example.com
A97: EMP1095 | B97: Alice Brown | C97: Finance | D97: Australia | E97: 96101 | F97: 42673 | H97: Other | I97: user155@example.com
A98: EMP1096 | B98: Jane Smith | C98: Finance | D98: USA | E98: 72939 | F98: 42680 | G98: 3 | I98: user191@example.com
A99: EMP1097 | B99: Sam Wilson | C99: HR | D99: Germany | E99: 89333 | F99: 42687 | G99: 1 | H99: Male | I99: user113@example.com
A100: EMP1098 | B100: Bob Johnson | C100: IT | D100: Australia | E100: 70470 | F100: 42694 | H100: Male | I100: user62@example.com
...

Sheet Sheet2
A1: Row Labels | B1: Sum of PerformanceRating
A2: Finance | B2: 58
A3: HR | B3: 66
A4: IT | B4: 74
A5: Marketing | B5: 97
A6: Sales | B6: 72
A7: Unknown | B7: 67
A8: (blank)
A9: Grand Total | B9: 434

Sheet Employee_Cleaned
A1: EmployeeID | B1: Name | C1: FirstName | D1: LastName | E1: CleanedName | F1: Department | G1: Country | H1: Salary | I1: Date | J1: Experience | K1: Joining Year | L1: Joining month | M1: Joining weekday | N1: Current_Date_Time | O1: PerformanceRating | P1: Gender | Q1: Email
A2: EMP1011 | B2: SamWilson | C2: Sam | D2: Wilson | E2: =TRIM(B2) -> SamWilson | F2: IT | G2: USA | H2: 91180 | I2: 42085 | J2: =IF(I2="Unknown","Unknown",DATEDIF(I2,TODAY(),"Y")) -> 10 | K2: =IF(I2="Unknown","Unknown",YEAR(I2)) -> 2015 | L2: =IF(I2="Unknown","Unknown",MONTH(I2)) -> 3 | M2: =IF(I2="Unknown","Unknown",WEEKDAY(I2)) -> 1 | N2: =NOW() -> 46090.857 | O2: 5 | P2: Male | Q2: user1@example.com
A3: EMP1012 | B3: BobJohnson | C3: Bob | D3: Johnson | E3: =TRIM(B3) -> BobJohnson | F3: Sales | G3: Unknown | H3: 96418 | I3: 42092 | J3: =IF(I3="Unknown","Unknown",DATEDIF(I3,TODAY(),"Y")) -> 10 | K3: =IF(I3="Unknown","Unknown",YEAR(I3)) -> 2015 | L3: =IF(I3="Unknown","Unknown",MONTH(I3)) -> 3 | M3: =IF(I3="Unknown","Unknown",WEEKDAY(I3)) -> 1 | N3: =NOW() -> 46090.857 | O3: 5 | P3: Male | Q3: user106@example.com
A4: EMP1019 | B4: EveAdams | C4: Eve | D4: Adams | E4: =TRIM(B4) -> EveAdams | F4: Unknown | G4: India | H4: 67531 | I4: 42141 | J4: =IF(I4="Unknown","Unknown",DATEDIF(I4,TODAY(),"Y")) -> 10 | K4: =IF(I4="Unknown","Unknown",YEAR(I4)) -> 2015 | L4: =IF(I4="Unknown","Unknown",MONTH(I4)) -> 5 | M4: =IF(I4="Unknown","Unknown",WEEKDAY(I4)) -> 1 | N4: =NOW() -> 46090.857 | O4: 5 | P4: Female | Q4: user151@example.com
A5: EMP1022 | B5: EveAdams | C5: Eve | D5: Adams | E5: =TRIM(B5) -> EveAdams | F5: Finance | G5: India | H5: 38333 | I5: 42162 | J5: =IF(I5="Unknown","Unknown",DATEDIF(I5,TODAY(),"Y")) -> 10 | K5: =IF(I5="Unknown","Unknown",YEAR(I5)) -> 2015 | L5: =IF(I5="Unknown","Unknown",MONTH(I5)) -> 6 | M5: =IF(I5="Unknown","Unknown",WEEKDAY(I5)) -> 1 | N5: =NOW() -> 46090.857 | O5: 5 | P5: Unknown | Q5: user128@example.com
A6: EMP1029 | B6: BobJohnson | C6: Bob | D6: Johnson | E6: =TRIM(B6) -> BobJohnson | F6: Marketing | G6: UK | H6: 92959 | I6: 42211 | J6: =IF(I6="Unknown","Unknown",DATEDIF(I6,TODAY(),"Y")) -> 10 | K6: =IF(I6="Unknown","Unknown",YEAR(I6)) -> 2015 | L6: =IF(I6="Unknown","Unknown",MONTH(I6)) -> 7 | M6: =IF(I6="Unknown","Unknown",WEEKDAY(I6)) -> 1 | N6: =NOW() -> 46090.857 | O6: 5 | P6: Unknown | Q6: user83@example.com
A7: EMP1038 | B7: JohnDoe | C7: John | D7: Doe | E7: =TRIM(B7) -> JohnDoe | F7: Marketing | G7: UK | H7: 52093 | I7: 42274 | J7: =IF(I7="Unknown","Unknown",DATEDIF(I7,TODAY(),"Y")) -> 10 | K7: =IF(I7="Unknown","Unknown",YEAR(I7)) -> 2015 | L7: =IF(I7="Unknown","Unknown",MONTH(I7)) -> 9 | M7: =IF(I7="Unknown","Unknown",WEEKDAY(I7)) -> 1 | N7: =NOW() -> 46090.857 | O7: 5 | P7: Unknown | Q7: user154@example.com
A8: EMP1049 | B8: EveAdams | C8: Eve | D8: Adams | E8: =TRIM(B8) -> EveAdams | F8: HR | G8: Germany | H8: 78720 | I8: 42351 | J8: =IF(I8="Unknown","Unknown",DATEDIF(I8,TODAY(),"Y")) -> 10 | K8: =IF(I8="Unknown","Unknown",YEAR(I8)) -> 2015 | L8: =IF(I8="Unknown","Unknown",MONTH(I8)) -> 12 | M8: =IF(I8="Unknown","Unknown",WEEKDAY(I8)) -> 1 | N8: =NOW() -> 46090.857 | O8: 5 | P8: Female | Q8: user89@example.com
A9: EMP1051 | B9: SamWilson | C9: Sam | D9: Wilson | E9: =TRIM(B9) -> SamWilson | F9: Sales | G9: India | H9: 39423 | I9: 42365 | J9: =IF(I9="Unknown","Unknown",DATEDIF(I9,TODAY(),"Y")) -> 10 | K9: =IF(I9="Unknown","Unknown",YEAR(I9)) -> 2015 | L9: =IF(I9="Unknown","Unknown",MONTH(I9)) -> 12 | M9: =IF(I9="Unknown","Unknown",WEEKDAY(I9)) -> 1 | N9: =NOW() -> 46090.857 | O9: 5 | P9: Unknown | Q9: user59@example.com
A10: EMP1054 | B10: BobJohnson | C10: Bob | D10: Johnson | E10: =TRIM(B10) -> BobJohnson | F10: Marketing | G10: UK | H10: 75633 | I10: 42386 | J10: =IF(I10="Unknown","Unknown",DATEDIF(I10,TODAY(),"Y")) -> 10 | K10: =IF(I10="Unknown","Unknown",YEAR(I10)) -> 2016 | L10: =IF(I10="Unknown","Unknown",MONTH(I10)) -> 1 | M10: =IF(I10="Unknown","Unknown",WEEKDAY(I10)) -> 1 | N10: =NOW() -> 46090.857 | O10: 5 | P10: Other | Q10: user92@example.com
A11: EMP1055 | B11: ChrisLee | C11: Chris | D11: Lee | E11: =TRIM(B11) -> ChrisLee | F11: Unknown | G11: USA | H11: 74815 | I11: 42393 | J11: =IF(I11="Unknown","Unknown",DATEDIF(I11,TODAY(),"Y")) -> 10 | K11: =IF(I11="Unknown","Unknown",YEAR(I11)) -> 2016 | L11: =IF(I11="Unknown","Unknown",MONTH(I11)) -> 1 | M11: =IF(I11="Unknown","Unknown",WEEKDAY(I11)) -> 1 | N11: =NOW() -> 46090.857 | O11: 5 | P11: Female | Q11: user50@example.com
A12: EMP1058 | B12: SamWilson | C12: Sam | D12: Wilson | E12: =TRIM(B12) -> SamWilson | F12: Marketing | G12: Unknown | H12: 84924 | I12: 42414 | J12: =IF(I12="Unknown","Unknown",DATEDIF(I12,TODAY(),"Y")) -> 10 | K12: =IF(I12="Unknown","Unknown",YEAR(I12)) -> 2016 | L12: =IF(I12="Unknown","Unknown",MONTH(I12)) -> 2 | M12: =IF(I12="Unknown","Unknown",WEEKDAY(I12)) -> 1 | N12: =NOW() -> 46090.857 | O12: 5 | P12: Male | Q12: user150@example.com
A13: EMP1060 | B13: Unknown | C13: Unknown | D13: Unknown | E13: =TRIM(B13) -> Unknown | F13: Marketing | G13: Germany | H13: 66281 | I13: Unknown | J13: =IF(I13="Unknown","Unknown",DATEDIF(I13,TODAY(),"Y")) -> Unknown | K13: =IF(I13="Unknown","Unknown",YEAR(I13)) -> Unknown | L13: =IF(I13="Unknown","Unknown",MONTH(I13)) -> Unknown | M13: =IF(I13="Unknown","Unknown",WEEKDAY(I13)) -> Unknown | N13: =NOW() -> 46090.857 | O13: 5 | P13: Unknown | Q13: user112@example.com
A14: EMP1062 | B14: ChrisLee | C14: Chris | D14: Lee | E14: =TRIM(B14) -> ChrisLee | F14: IT | G14: UK | H14: 97981 | I14: 42442 | J14: =IF(I14="Unknown","Unknown",DATEDIF(I14,TODAY(),"Y")) -> 9 | K14: =IF(I14="Unknown","Unknown",YEAR(I14)) -> 2016 | L14: =IF(I14="Unknown","Unknown",MONTH(I14)) -> 3 | M14: =IF(I14="Unknown","Unknown",WEEKDAY(I14)) -> 1 | N14: =NOW() -> 46090.857 | O14: 5 | P14: Female | Q14: user71@example.com
A15: EMP1070 | B15: EveAdams | C15: Eve | D15: Adams | E15: =TRIM(B15) -> EveAdams | F15: Sales | G15: Australia | H15: 69952 | I15: 42498 | J15: =IF(I15="Unknown","Unknown",DATEDIF(I15,TODAY(),"Y")) -> 9 | K15: =IF(I15="Unknown","Unknown",YEAR(I15)) -> 2016 | L15: =IF(I15="Unknown","Unknown",MONTH(I15)) -> 5 | M15: =IF(I15="Unknown","Unknown",WEEKDAY(I15)) -> 1 | N15: =NOW() -> 46090.857 | O15: 5 | P15: Female | Q15: Unknown
A16: EMP1085 | B16: ChrisLee | C16: Chris | D16: Lee | E16: =TRIM(B16) -> ChrisLee | F16: Finance | G16: Unknown | H16: 35163 | I16: 42603 | J16: =IF(I16="Unknown","Unknown",DATEDIF(I16,TODAY(),"Y")) -> 9 | K16: =IF(I16="Unknown","Unknown",YEAR(I16)) -> 2016 | L16: =IF(I16="Unknown","Unknown",MONTH(I16)) -> 8 | M16: =IF(I16="Unknown","Unknown",WEEKDAY(I16)) -> 1 | N16: =NOW() -> 46090.857 | O16: 5 | P16: Other | Q16: user197@example.com
A17: EMP1092 | B17: JaneSmith | C17: Jane | D17: Smith | E17: =TRIM(B17) -> JaneSmith | F17: IT | G17: Unknown | H17: 80588 | I17: 42652 | J17: =IF(I17="Unknown","Unknown",DATEDIF(I17,TODAY(),"Y")) -> 9 | K17: =IF(I17="Unknown","Unknown",YEAR(I17)) -> 2016 | L17: =IF(I17="Unknown","Unknown",MONTH(I17)) -> 10 | M17: =IF(I17="Unknown","Unknown",WEEKDAY(I17)) -> 1 | N17: =NOW() -> 46090.857 | O17: 5 | P17: Male | Q17: user98@example.com
A18: EMP1103 | B18: AliceBrown | C18: Alice | D18: Brown | E18: =TRIM(B18) -> AliceBrown | F18: Marketing | G18: Unknown | H18: 79145 | I18: 42729 | J18: =IF(I18="Unknown","Unknown",DATEDIF(I18,TODAY(),"Y")) -> 9 | K18: =IF(I18="Unknown","Unknown",YEAR(I18)) -> 2016 | L18: =IF(I18="Unknown","Unknown",MONTH(I18)) -> 12 | M18: =IF(I18="Unknown","Unknown",WEEKDAY(I18)) -> 1 | N18: =NOW() -> 46090.857 | O18: 5 | P18: Other | Q18: user20@example.com
A19: EMP1111 | B19: ChrisLee | C19: Chris | D19: Lee | E19: =TRIM(B19) -> ChrisLee | F19: IT | G19: USA | H19: 34306 | I19: 42785 | J19: =IF(I19="Unknown","Unknown",DATEDIF(I19,TODAY(),"Y")) -> 9 | K19: =IF(I19="Unknown","Unknown",YEAR(I19)) -> 2017 | L19: =IF(I19="Unknown","Unknown",MONTH(I19)) -> 2 | M19: =IF(I19="Unknown","Unknown",WEEKDAY(I19)) -> 1 | N19: =NOW() -> 46090.857 | O19: 5 | P19: Female | Q19: user192@example.com
A20: EMP1116 | B20: BobJohnson | C20: Bob | D20: Johnson | E20: =TRIM(B20) -> BobJohnson | F20: Marketing | G20: Australia | H20: 38837 | I20: 42820 | J20: =IF(I20="Unknown","Unknown",DATEDIF(I20,TODAY(),"Y")) -> 8 | K20: =IF(I20="Unknown","Unknown",YEAR(I20)) -> 2017 | L20: =IF(I20="Unknown","Unknown",MONTH(I20)) -> 3 | M20: =IF(I20="Unknown","Unknown",WEEKDAY(I20)) -> 1 | N20: =NOW() -> 46090.857 | O20: 5 | P20: Female | Q20: user192@example.com
A21: EMP1120 | B21: Unknown | C21: Unknown | D21: Unknown | E21: =TRIM(B21) -> Unknown | F21: IT | G21: USA | H21: 66281 | I21: Unknown | J21: =IF(I21="Unknown","Unknown",DATEDIF(I21,TODAY(),"Y")) -> Unknown | K21: =IF(I21="Unknown","Unknown",YEAR(I21)) -> Unknown | L21: =IF(I21="Unknown","Unknown",MONTH(I21)) -> Unknown | M21: =IF(I21="Unknown","Unknown",WEEKDAY(I21)) -> Unknown | N21: =NOW() -> 46090.857 | O21: 5 | P21: Unknown | Q21: user101@example.com
A22: EMP1123 | B22: JaneSmith | C22: Jane | D22: Smith | E22: =TRIM(B22) -> JaneSmith | F22: Unknown | G22: Germany | H22: 30357 | I22: 42869 | J22: =IF(I22="Unknown","Unknown",DATEDIF(I22,TODAY(),"Y")) -> 8 | K22: =IF(I22="Unknown","Unknown",YEAR(I22)) -> 2017 | L22: =IF(I22="Unknown","Unknown",MONTH(I22)) -> 5 | M22: =IF(I22="Unknown","Unknown",WEEKDAY(I22)) -> 1 | N22: =NOW() -> 46090.857 | O22: 5 | P22: Male | Q22: user145@example.com
A23: EMP1125 | B23: JohnDoe | C23: John | D23: Doe | E23: =TRIM(B23) -> JohnDoe | F23: Finance | G23: Unknown | H23: 90019 | I23: 42883 | J23: =IF(I23="Unknown","Unknown",DATEDIF(I23,TODAY(),"Y")) -> 8 | K23: =IF(I23="Unknown","Unknown",YEAR(I23)) -> 2017 | L23: =IF(I23="Unknown","Unknown",MONTH(I23)) -> 5 | M23: =IF(I23="Unknown","Unknown",WEEKDAY(I23)) -> 1 | N23: =NOW() -> 46090.857 | O23: 5 | P23: Unknown | Q23: user52@example.com
A24: EMP1141 | B24: JaneSmith | C24: Jane | D24: Smith | E24: =TRIM(B24) -> JaneSmith | F24: Marketing | G24: USA | H24: 66882 | I24: 42995 | J24: =IF(I24="Unknown","Unknown",DATEDIF(I24,TODAY(),"Y")) -> 8 | K24: =IF(I24="Unknown","Unknown",YEAR(I24)) -> 2017 | L24: =IF(I24="Unknown","Unknown",MONTH(I24)) -> 9 | M24: =IF(I24="Unknown","Unknown",WEEKDAY(I24)) -> 1 | N24: =NOW() -> 46090.857 | O24: 5 | P24: Other | Q24: user103@example.com
A25: EMP1145 | B25: SamWilson | C25: Sam | D25: Wilson | E25: =TRIM(B25) -> SamWilson | F25: Sales | G25: Australia | H25: 35627 | I25: 43023 | J25: =IF(I25="Unknown","Unknown",DATEDIF(I25,TODAY(),"Y")) -> 8 | K25: =IF(I25="Unknown","Unknown",YEAR(I25)) -> 2017 | L25: =IF(I25="Unknown","Unknown",MONTH(I25)) -> 10 | M25: =IF(I25="Unknown","Unknown",WEEKDAY(I25)) -> 1 | N25: =NOW() -> 46090.857 | O25: 5 | P25: Female | Q25: user188@example.com
A26: EMP1149 | B26: SamWilson | C26: Sam | D26: Wilson | E26: =TRIM(B26) -> SamWilson | F26: Marketing | G26: India | H26: 98475 | I26: 43051 | J26: =IF(I26="Unknown","Unknown",DATEDIF(I26,TODAY(),"Y")) -> 8 | K26: =IF(I26="Unknown","Unknown",YEAR(I26)) -> 2017 | L26: =IF(I26="Unknown","Unknown",MONTH(I26)) -> 11 | M26: =IF(I26="Unknown","Unknown",WEEKDAY(I26)) -> 1 | N26: =NOW() -> 46090.857 | O26: 5 | P26: Other | Q26: user30@example.com
A27: EMP1013 | B27: SamWilson | C27: Sam | D27: Wilson | E27: =TRIM(B27) -> SamWilson | F27: Unknown | G27: India | H27: 62158 | I27: 42099 | J27: =IF(I27="Unknown","Unknown",DATEDIF(I27,TODAY(),"Y")) -> 10 | K27: =IF(I27="Unknown","Unknown",YEAR(I27)) -> 2015 | L27: =IF(I27="Unknown","Unknown",MONTH(I27)) -> 4 | M27: =IF(I27="Unknown","Unknown",WEEKDAY(I27)) -> 1 | N27: =NOW() -> 46090.857 | O27: 4 | P27: Unknown | Q27: user180@example.com
A28: EMP1021 | B28: JaneSmith | C28: Jane | D28: Smith | E28: =TRIM(B28) -> JaneSmith | F28: HR | G28: Unknown | H28: 98922 | I28: 42155 | J28: =IF(I28="Unknown","Unknown",DATEDIF(I28,TODAY(),"Y")) -> 10 | K28: =IF(I28="Unknown","Unknown",YEAR(I28)) -> 2015 | L28: =IF(I28="Unknown","Unknown",MONTH(I28)) -> 5 | M28: =IF(I28="Unknown","Unknown",WEEKDAY(I28)) -> 1 | N28: =NOW() -> 46090.857 | O28: 4 | P28: Unknown | Q28: user77@example.com
A29: EMP1035 | B29: AliceBrown | C29: Alice | D29: Brown | E29: =TRIM(B29) -> AliceBrown | F29: Unknown | G29: UK | H29: 54463 | I29: 42253 | J29: =IF(I29="Unknown","Unknown",DATEDIF(I29,TODAY(),"Y")) -> 10 | K29: =IF(I29="Unknown","Unknown",YEAR(I29)) -> 2015 | L29: =IF(I29="Unknown","Unknown",MONTH(I29)) -> 9 | M29: =IF(I29="Unknown","Unknown",WEEKDAY(I29)) -> 1 | N29: =NOW() -> 46090.857 | O29: 4 | P29: Male | Q29: Unknown
A30: EMP1040 | B30: BobJohnson | C30: Bob | D30: Johnson | E30: =TRIM(B30) -> BobJohnson | F30: Finance | G30: UK | H30: 66281 | I30: Unknown | J30: =IF(I30="Unknown","Unknown",DATEDIF(I30,TODAY(),"Y")) -> Unknown | K30: =IF(I30="Unknown","Unknown",YEAR(I30)) -> Unknown | L30: =IF(I30="Unknown","Unknown",MONTH(I30)) -> Unknown | M30: =IF(I30="Unknown","Unknown",WEEKDAY(I30)) -> Unknown | N30: =NOW() -> 46090.857 | O30: 4 | P30: Female | Q30: user89@example.com
A31: EMP1047 | B31: ChrisLee | C31: Chris | D31: Lee | E31: =TRIM(B31) -> ChrisLee | F31: HR | G31: India | H31: 58245 | I31: 42337 | J31: =IF(I31="Unknown","Unknown",DATEDIF(I31,TODAY(),"Y")) -> 10 | K31: =IF(I31="Unknown","Unknown",YEAR(I31)) -> 2015 | L31: =IF(I31="Unknown","Unknown",MONTH(I31)) -> 11 | M31: =IF(I31="Unknown","Unknown",WEEKDAY(I31)) -> 1 | N31: =NOW() -> 46090.857 | O31: 4 | P31: Unknown | Q31: user43@example.com
A32: EMP1065 | B32: SamWilson | C32: Sam | D32: Wilson | E32: =TRIM(B32) -> SamWilson | F32: Finance | G32: India | H32: 33468 | I32: 42463 | J32: =IF(I32="Unknown","Unknown",DATEDIF(I32,TODAY(),"Y")) -> 9 | K32: =IF(I32="Unknown","Unknown",YEAR(I32)) -> 2016 | L32: =IF(I32="Unknown","Unknown",MONTH(I32)) -> 4 | M32: =IF(I32="Unknown","Unknown",WEEKDAY(I32)) -> 1 | N32: =NOW() -> 46090.857 | O32: 4 | P32: Male | Q32: user125@example.com
A33: EMP1073 | B33: JohnDoe | C33: John | D33: Doe | E33: =TRIM(B33) -> JohnDoe | F33: Sales | G33: India | H33: 91101 | I33: 42519 | J33: =IF(I33="Unknown","Unknown",DATEDIF(I33,TODAY(),"Y")) -> 9 | K33: =IF(I33="Unknown","Unknown",YEAR(I33)) -> 2016 | L33: =IF(I33="Unknown","Unknown",MONTH(I33)) -> 5 | M33: =IF(I33="Unknown","Unknown",WEEKDAY(I33)) -> 1 | N33: =NOW() -> 46090.857 | O33: 4 | P33: Female | Q33: user71@example.com
A34: EMP1084 | B34: JohnDoe | C34: John | D34: Doe | E34: =TRIM(B34) -> JohnDoe | F34: Marketing | G34: India | H34: 44682 | I34: 42596 | J34: =IF(I34="Unknown","Unknown",DATEDIF(I34,TODAY(),"Y")) -> 9 | K34: =IF(I34="Unknown","Unknown",YEAR(I34)) -> 2016 | L34: =IF(I34="Unknown","Unknown",MONTH(I34)) -> 8 | M34: =IF(I34="Unknown","Unknown",WEEKDAY(I34)) -> 1 | N34: =NOW() -> 46090.857 | O34: 4 | P34: Female | Q34: user47@example.com
A35: EMP1086 | B35: ChrisLee | C35: Chris | D35: Lee | E35: =TRIM(B35) -> ChrisLee | F35: IT | G35: India | H35: 33483 | I35: 42610 | J35: =IF(I35="Unknown","Unknown",DATEDIF(I35,TODAY(),"Y")) -> 9 | K35: =IF(I35="Unknown","Unknown",YEAR(I35)) -> 2016 | L35: =IF(I35="Unknown","Unknown",MONTH(I35)) -> 8 | M35: =IF(I35="Unknown","Unknown",WEEKDAY(I35)) -> 1 | N35: =NOW() -> 46090.857 | O35: 4 | P35: Male | Q35: user177@example.com
A36: EMP1087 | B36: SamWilson | C36: Sam | D36: Wilson | E36: =TRIM(B36) -> SamWilson | F36: HR | G36: Germany | H36: 55303 | I36: 42617 | J36: =IF(I36="Unknown","Unknown",DATEDIF(I36,TODAY(),"Y")) -> 9 | K36: =IF(I36="Unknown","Unknown",YEAR(I36)) -> 2016 | L36: =IF(I36="Unknown","Unknown",MONTH(I36)) -> 9 | M36: =IF(I36="Unknown","Unknown",WEEKDAY(I36)) -> 1 | N36: =NOW() -> 46090.857 | O36: 4 | P36: Male | Q36: user149@example.com
A37: EMP1093 | B37: AliceBrown | C37: Alice | D37: Brown | E37: =TRIM(B37) -> AliceBrown | F37: Unknown | G37: USA | H37: 76238 | I37: 42659 | J37: =IF(I37="Unknown","Unknown",DATEDIF(I37,TODAY(),"Y")) -> 9 | K37: =IF(I37="Unknown","Unknown",YEAR(I37)) -> 2016 | L37: =IF(I37="Unknown","Unknown",MONTH(I37)) -> 10 | M37: =IF(I37="Unknown","Unknown",WEEKDAY(I37)) -> 1 | N37: =NOW() -> 46090.857 | O37: 4 | P37: Male | Q37: user102@example.com
A38: EMP1099 | B38: EveAdams | C38: Eve | D38: Adams | E38: =TRIM(B38) -> EveAdams | F38: Marketing | G38: USA | H38: 70096 | I38: 42701 | J38: =IF(I38="Unknown","Unknown",DATEDIF(I38,TODAY(),"Y")) -> 9 | K38: =IF(I38="Unknown","Unknown",YEAR(I38)) -> 2016 | L38: =IF(I38="Unknown","Unknown",MONTH(I38)) -> 11 | M38: =IF(I38="Unknown","Unknown",WEEKDAY(I38)) -> 1 | N38: =NOW() -> 46090.857 | O38: 4 | P38: Male | Q38: user76@example.com
A39: EMP1114 | B39: EveAdams | C39: Eve | D39: Adams | E39: =TRIM(B39) -> EveAdams | F39: Marketing | G39: UK | H39: 44627 | I39: 42806 | J39: =IF(I39="Unknown","Unknown",DATEDIF(I39,TODAY(),"Y")) -> 8 | K39: =IF(I39="Unknown","Unknown",YEAR(I39)) -> 2017 | L39: =IF(I39="Unknown","Unknown",MONTH(I39)) -> 3 | M39: =IF(I39="Unknown","Unknown",WEEKDAY(I39)) -> 1 | N39: =NOW() -> 46090.857 | O39: 4 | P39: Unknown | Q39: user97@example.com
A40: EMP1115 | B40: BobJohnson | C40: Bob | D40: Johnson | E40: =TRIM(B40) -> BobJohnson | F40: HR | G40: Germany | H40: 92343 | I40: 42813 | J40: =IF(I40="Unknown","Unknown",DATEDIF(I40,TODAY(),"Y")) -> 8 | K40: =IF(I40="Unknown","Unknown",YEAR(I40)) -> 2017 | L40: =IF(I40="Unknown","Unknown",MONTH(I40)) -> 3 | M40: =IF(I40="Unknown","Unknown",WEEKDAY(I40)) -> 1 | N40: =NOW() -> 46090.857 | O40: 4 | P40: Female | Q40: user149@example.com
A41: EMP1136 | B41: JaneSmith | C41: Jane | D41: Smith | E41: =TRIM(B41) -> JaneSmith | F41: Finance | G41: India | H41: 60335 | I41: 42960 | J41: =IF(I41="Unknown","Unknown",DATEDIF(I41,TODAY(),"Y")) -> 8 | K41: =IF(I41="Unknown","Unknown",YEAR(I41)) -> 2017 | L41: =IF(I41="Unknown","Unknown",MONTH(I41)) -> 8 | M41: =IF(I41="Unknown","Unknown",WEEKDAY(I41)) -> 1 | N41: =NOW() -> 46090.857 | O41: 4 | P41: Other | Q41: user59@example.com
A42: EMP1138 | B42: ChrisLee | C42: Chris | D42: Lee | E42: =TRIM(B42) -> ChrisLee | F42: Marketing | G42: Australia | H42: 84750 | I42: 42974 | J42: =IF(I42="Unknown","Unknown",DATEDIF(I42,TODAY(),"Y")) -> 8 | K42: =IF(I42="Unknown","Unknown",YEAR(I42)) -> 2017 | L42: =IF(I42="Unknown","Unknown",MONTH(I42)) -> 8 | M42: =IF(I42="Unknown","Unknown",WEEKDAY(I42)) -> 1 | N42: =NOW() -> 46090.857 | O42: 4 | P42: Female | Q42: user3@example.com
... A70: EMP1074 | B70: SamWilson | C70: Sam | D70: Wilson | E70: =TRIM(B70) -> SamWilson | F70: Unknown | G70: Germany | H70: 41243 | I70: 42526 | J70: =IF(I70="Unknown","Unknown",DATEDIF(I70,TODAY(),"Y")) -> 9 | K70: =IF(I70="Unknown","Unknown",YEAR(I70)) -> 2016 | L70: =IF(I70="Unknown","Unknown",MONTH(I70)) -> 6 | M70: =IF(I70="Unknown","Unknown",WEEKDAY(I70)) -> 1 | N70: =NOW() -> 46090.857 | O70: 3 | P70: Unknown | Q70: user143@example.com
A71: EMP1080 | B71: EveAdams | C71: Eve | D71: Adams | E71: =TRIM(B71) -> EveAdams | F71: Marketing | G71: India | H71: 66281 | I71: Unknown | J71: =IF(I71="Unknown","Unknown",DATEDIF(I71,TODAY(),"Y")) -> Unknown | K71: =IF(I71="Unknown","Unknown",YEAR(I71)) -> Unknown | L71: =IF(I71="Unknown","Unknown",MONTH(I71)) -> Unknown | M71: =IF(I71="Unknown","Unknown",WEEKDAY(I71)) -> Unknown | N71: =NOW() -> 46090.857 | O71: 3 | P71: Unknown | Q71: user135@example.com
A72: EMP1081 | B72: JaneSmith | C72: Jane | D72: Smith | E72: =TRIM(B72) -> JaneSmith | F72: Sales | G72: USA | H72: 95621 | I72: 42575 | J72: =IF(I72="Unknown","Unknown",DATEDIF(I72,TODAY(),"Y")) -> 9 | K72: =IF(I72="Unknown","Unknown",YEAR(I72)) -> 2016 | L72: =IF(I72="Unknown","Unknown",MONTH(I72)) -> 7 | M72: =IF(I72="Unknown","Unknown",WEEKDAY(I72)) -> 1 | N72: =NOW() -> 46090.857 | O72: 3 | P72: Female | Q72: user156@example.com
A73: EMP1083 | B73: SamWilson | C73: Sam | D73: Wilson | E73: =TRIM(B73) -> SamWilson | F73: Sales | G73: India | H73: 99621 | I73: 42589 | J73: =IF(I73="Unknown","Unknown",DATEDIF(I73,TODAY(),"Y")) -> 9 | K73: =IF(I73="Unknown","Unknown",YEAR(I73)) -> 2016 | L73: =IF(I73="Unknown","Unknown",MONTH(I73)) -> 8 | M73: =IF(I73="Unknown","Unknown",WEEKDAY(I73)) -> 1 | N73: =NOW() -> 46090.857 | O73: 3 | P73: Other | Q73: user145@example.com
A74: EMP1088 | B74: ChrisLee | C74: Chris | D74: Lee | E74: =TRIM(B74) -> ChrisLee | F74: IT | G74: Unknown | H74: 63434 | I74: 42624 | J74: =IF(I74="Unknown","Unknown",DATEDIF(I74,TODAY(),"Y")) -> 9 | K74: =IF(I74="Unknown","Unknown",YEAR(I74)) -> 2016 | L74: =IF(I74="Unknown","Unknown",MONTH(I74)) -> 9 | M74: =IF(I74="Unknown","Unknown",WEEKDAY(I74)) -> 1 | N74: =NOW() -> 46090.857 | O74: 3 | P74: Unknown | Q74: user48@example.com
A75: EMP1089 | B75: JaneSmith | C75: Jane | D75: Smith | E75: =TRIM(B75) -> JaneSmith | F75: Unknown | G75: Australia | H75: 38830 | I75: 42631 | J75: =IF(I75="Unknown","Unknown",DATEDIF(I75,TODAY(),"Y")) -> 9 | K75: =IF(I75="Unknown","Unknown",YEAR(I75)) -> 2016 | L75: =IF(I75="Unknown","Unknown",MONTH(I75)) -> 9 | M75: =IF(I75="Unknown","Unknown",WEEKDAY(I75)) -> 1 | N75: =NOW() -> 46090.857 | O75: 3 | P75: Other | Q75: user149@example.com
A76: EMP1090 | B76: Unknown | C76: Unknown | D76: Unknown | E76: =TRIM(B76) -> Unknown | F76: Marketing | G76: UK | H76: 50741 | I76: 42638 | J76: =IF(I76="Unknown","Unknown",DATEDIF(I76,TODAY(),"Y")) -> 9 | K76: =IF(I76="Unknown","Unknown",YEAR(I76)) -> 2016 | L76: =IF(I76="Unknown","Unknown",MONTH(I76)) -> 9 | M76: =IF(I76="Unknown","Unknown",WEEKDAY(I76)) -> 1 | N76: =NOW() -> 46090.857 | O76: 3 | P76: Unknown | Q76: user65@example.com
A77: EMP1094 | B77: BobJohnson | C77: Bob | D77: Johnson | E77: =TRIM(B77) -> BobJohnson | F77: IT | G77: India | H77: 33264 | I77: 42666 | J77: =IF(I77="Unknown","Unknown",DATEDIF(I77,TODAY(),"Y")) -> 9 | K77: =IF(I77="Unknown","Unknown",YEAR(I77)) -> 2016 | L77: =IF(I77="Unknown","Unknown",MONTH(I77)) -> 10 | M77: =IF(I77="Unknown","Unknown",WEEKDAY(I77)) -> 1 | N77: =NOW() -> 46090.857 | O77: 3 | P77: Female | Q77: user148@example.com
A78: EMP1095 | B78: AliceBrown | C78: Alice | D78: Brown | E78: =TRIM(B78) -> AliceBrown | F78: Finance | G78: Australia | H78: 96101 | I78: 42673 | J78: =IF(I78="Unknown","Unknown",DATEDIF(I78,TODAY(),"Y")) -> 9 | K78: =IF(I78="Unknown","Unknown",YEAR(I78)) -> 2016 | L78: =IF(I78="Unknown","Unknown",MONTH(I78)) -> 10 | M78: =IF(I78="Unknown","Unknown",WEEKDAY(I78)) -> 1 | N78: =NOW() -> 46090.857 | O78: 3 | P78: Other | Q78: user155@example.com
A79: EMP1096 | B79: JaneSmith | C79: Jane | D79: Smith | E79: =TRIM(B79) -> JaneSmith | F79: Finance | G79: USA | H79: 72939 | I79: 42680 | J79: =IF(I79="Unknown","Unknown",DATEDIF(I79,TODAY(),"Y")) -> 9 | K79: =IF(I79="Unknown","Unknown",YEAR(I79)) -> 2016 | L79: =IF(I79="Unknown","Unknown",MONTH(I79)) -> 11 | M79: =IF(I79="Unknown","Unknown",WEEKDAY(I79)) -> 1 | N79: =NOW() -> 46090.857 | O79: 3 | P79: Unknown | Q79: user191@example.com
A80: EMP1098 | B80: BobJohnson | C80: Bob | D80: Johnson | E80: =TRIM(B80) -> BobJohnson | F80: IT | G80: Australia | H80: 70470 | I80: 42694 | J80: =IF(I80="Unknown","Unknown",DATEDIF(I80,TODAY(),"Y")) -> 9 | K80: =IF(I80="Unknown","Unknown",YEAR(I80)) -> 2016 | L80: =IF(I80="Unknown","Unknown",MONTH(I80)) -> 11 | M80: =IF(I80="Unknown","Unknown",WEEKDAY(I80)) -> 1 | N80: =NOW() -> 46090.857 | O80: 3 | P80: Male | Q80: user62@example.com
A81: EMP1101 | B81: BobJohnson | C81: Bob | D81: Johnson | E81: =TRIM(B81) -> BobJohnson | F81: IT | G81: Germany | H81: 66503 | I81: 42715 | J81: =IF(I81="Unknown","Unknown",DATEDIF(I81,TODAY(),"Y")) -> 9 | K81: =IF(I81="Unknown","Unknown",YEAR(I81)) -> 2016 | L81: =IF(I81="Unknown","Unknown",MONTH(I81)) -> 12 | M81: =IF(I81="Unknown","Unknown",WEEKDAY(I81)) -> 1 | N81: =NOW() -> 46090.857 | O81: 3 | P81: Male | Q81: user200@example.com
A82: EMP1102 | B82: AliceBrown | C82: Alice | D82: Brown | E82: =TRIM(B82) -> AliceBrown | F82: HR | G82: Germany | H82: 42096 | I82: 42722 | J82: =IF(I82="Unknown","Unknown",DATEDIF(I82,TODAY(),"Y")) -> 9 | K82: =IF(I82="Unknown","Unknown",YEAR(I82)) -> 2016 | L82: =IF(I82="Unknown","Unknown",MONTH(I82)) -> 12 | M82: =IF(I82="Unknown","Unknown",WEEKDAY(I82)) -> 1 | N82: =NOW() -> 46090.857 | O82: 3 | P82: Female | Q82: user54@example.com
A83: EMP1105 | B83: Unknown | C83: Unknown | D83: Unknown | E83: =TRIM(B83) -> Unknown | F83: HR | G83: UK | H83: 87963 | I83: 42743 | J83: =IF(I83="Unknown","Unknown",DATEDIF(I83,TODAY(),"Y")) -> 9 | K83: =IF(I83="Unknown","Unknown",YEAR(I83)) -> 2017 | L83: =IF(I83="Unknown","Unknown",MONTH(I83)) -> 1 | M83: =IF(I83="Unknown","Unknown",WEEKDAY(I83)) -> 1 | N83: =NOW() -> 46090.857 | O83: 3 | P83: Other | Q83: Unknown
... A90: EMP1129 | B90: BobJohnson | C90: Bob | D90: Johnson | E90: =TRIM(B90) -> BobJohnson | F90: Unknown | G90: UK | H90: 62994 | I90: 42911 | J90: =IF(I90="Unknown","Unknown",DATEDIF(I90,TODAY(),"Y")) -> 8 | K90: =IF(I90="Unknown","Unknown",YEAR(I90)) -> 2017 | L90: =IF(I90="Unknown","Unknown",MONTH(I90)) -> 6 | M90: =IF(I90="Unknown","Unknown",WEEKDAY(I90)) -> 1 | N90: =NOW() -> 46090.857 | O90: 3 | P90: Unknown | Q90: user175@example.com
A91: EMP1130 | B91: AliceBrown | C91: Alice | D91: Brown | E91: =TRIM(B91) -> AliceBrown | F91: Sales | G91: India | H91: 48289 | I91: Unknown | J91: =IF(I91="Unknown","Unknown",DATEDIF(I91,TODAY(),"Y")) -> Unknown | K91: =IF(I91="Unknown","Unknown",YEAR(I91)) -> Unknown | L91: =IF(I91="Unknown","Unknown",MONTH(I91)) -> Unknown | M91: =IF(I91="Unknown","Unknown",WEEKDAY(I91)) -> Unknown | N91: =NOW() -> 46090.857 | O91: 3 | P91: Male | Q91: user25@example.com
A92: EMP1131 | B92: SamWilson | C92: Sam | D92: Wilson | E92: =TRIM(B92) -> SamWilson | F92: Marketing | G92: Germany | H92: 34402 | I92: 42925 | J92: =IF(I92="Unknown","Unknown",DATEDIF(I92,TODAY(),"Y")) -> 8 | K92: =IF(I92="Unknown","Unknown",YEAR(I92)) -> 2017 | L92: =IF(I92="Unknown","Unknown",MONTH(I92)) -> 7 | M92: =IF(I92="Unknown","Unknown",WEEKDAY(I92)) -> 1 | N92: =NOW() -> 46090.857 | O92: 3 | P92: Other | Q92: user42@example.com
A93: EMP1132 | B93: EveAdams | C93: Eve | D93: Adams | E93: =TRIM(B93) -> EveAdams | F93: HR | G93: USA | H93: 38678 | I93: 42932 | J93: =IF(I93="Unknown","Unknown",DATEDIF(I93,TODAY(),"Y")) -> 8 | K93: =IF(I93="Unknown","Unknown",YEAR(I93)) -> 2017 | L93: =IF(I93="Unknown","Unknown",MONTH(I93)) -> 7 | M93: =IF(I93="Unknown","Unknown",WEEKDAY(I93)) -> 1 | N93: =NOW() -> 46090.857 | O93: 3 | P93: Other | Q93: user188@example.com
A94: EMP1133 | B94: ChrisLee | C94: Chris | D94: Lee | E94: =TRIM(B94) -> ChrisLee | F94: HR | G94: Germany | H94: 45758 | I94: 42939 | J94: =IF(I94="Unknown","Unknown",DATEDIF(I94,TODAY(),"Y")) -> 8 | K94: =IF(I94="Unknown","Unknown",YEAR(I94)) -> 2017 | L94: =IF(I94="Unknown","Unknown",MONTH(I94)) -> 7 | M94: =IF(I94="Unknown","Unknown",WEEKDAY(I94)) -> 1 | N94: =NOW() -> 46090.857 | O94: 3 | P94: Unknown | Q94: user44@example.com
A95: EMP1135 | B95: Unknown | C95: Unknown | D95: Unknown | E95: =TRIM(B95) -> Unknown | F95: IT | G95: UK | H95: 39280 | I95: 42953 | J95: =IF(I95="Unknown","Unknown",DATEDIF(I95,TODAY(),"Y")) -> 8 | K95: =IF(I95="Unknown","Unknown",YEAR(I95)) -> 2017 | L95: =IF(I95="Unknown","Unknown",MONTH(I95)) -> 8 | M95: =IF(I95="Unknown","Unknown",WEEKDAY(I95)) -> 1 | N95: =NOW() -> 46090.857 | O95: 3 | P95: Female | Q95: user198@example.com
A96: EMP1137 | B96: ChrisLee | C96: Chris | D96: Lee | E96: =TRIM(B96) -> ChrisLee | F96: HR | G96: Germany | H96: 84968 | I96: 42967 | J96: =IF(I96="Unknown","Unknown",DATEDIF(I96,TODAY(),"Y")) -> 8 | K96: =IF(I96="Unknown","Unknown",YEAR(I96)) -> 2017 | L96: =IF(I96="Unknown","Unknown",MONTH(I96)) -> 8 | M96: =IF(I96="Unknown","Unknown",WEEKDAY(I96)) -> 1 | N96: =NOW() -> 46090.857 | O96: 3 | P96: Unknown | Q96: user165@example.com
A97: EMP1142 | B97: AliceBrown | C97: Alice | D97: Brown | E97: =TRIM(B97) -> AliceBrown | F97: Marketing | G97: Unknown | H97: 86775 | I97: 43002 | J97: =IF(I97="Unknown","Unknown",DATEDIF(I97,TODAY(),"Y")) -> 8 | K97: =IF(I97="Unknown","Unknown",YEAR(I97)) -> 2017 | L97: =IF(I97="Unknown","Unknown",MONTH(I97)) -> 9 | M97: =IF(I97="Unknown","Unknown",WEEKDAY(I97)) -> 1 | N97: =NOW() -> 46090.857 | O97: 3 | P97: Other | Q97: user190@example.com
A98: EMP1143 | B98: ChrisLee | C98: Chris | D98: Lee | E98: =TRIM(B98) -> ChrisLee | F98: Sales | G98: UK | H98: 91620 | I98: 43009 | J98: =IF(I98="Unknown","Unknown",DATEDIF(I98,TODAY(),"Y")) -> 8 | K98: =IF(I98="Unknown","Unknown",YEAR(I98)) -> 2017 | L98: =IF(I98="Unknown","Unknown",MONTH(I98)) -> 10 | M98: =IF(I98="Unknown","Unknown",WEEKDAY(I98)) -> 1 | N98: =NOW() -> 46090.857 | O98: 3 | P98: Unknown | Q98: user114@example.com
A99: EMP1000 | B99: Unknown | C99: Unknown | D99: Unknown | E99: =TRIM(B99) -> Unknown | F99: Finance | G99: Unknown | H99: 66281 | I99: Unknown | J99: =IF(I99="Unknown","Unknown",DATEDIF(I99,TODAY(),"Y")) -> Unknown | K99: =IF(I99="Unknown","Unknown",YEAR(I99)) -> Unknown | L99: =IF(I99="Unknown","Unknown",MONTH(I99)) -> Unknown | M99: =IF(I99="Unknown","Unknown",WEEKDAY(I99)) -> Unknown | N99: =NOW() -> 46090.857 | O99: 2 | P99: Unknown | Q99: Unknown
A100: EMP1002 | B100: AliceBrown | C100: Alice | D100: Brown | E100: =TRIM(B100) -> AliceBrown | F100: Finance | G100: Germany | H100: 63184 | I100: 42022 | J100: =IF(I100="Unknown","Unknown",DATEDIF(I100,TODAY(),"Y")) -> 11 | K100: =IF(I100="Unknown","Unknown",YEAR(I100)) -> 2015 | L100: =IF(I100="Unknown","Unknown",MONTH(I100)) -> 1 | M100: =IF(I100="Unknown","Unknown",WEEKDAY(I100)) -> 1 | N100: =NOW() -> 46090.857 | O100: 2 | P100: Unknown | Q100: user176@example.com
A101: EMP1005 | B101: AliceBrown | C101: Alice | D101: Brown | E101: =TRIM(B101) -> AliceBrown | F101: IT | G101: India | H101: 78421 | I101: 42043 | J101: =IF(I101="Unknown","Unknown",DATEDIF(I101,TODAY(),"Y")) -> 11 | K101: =IF(I101="Unknown","Unknown",YEAR(I101)) -> 2015 | L101: =IF(I101="Unknown","Unknown",MONTH(I101)) -> 2 | M101: =IF(I101="Unknown","Unknown",WEEKDAY(I101)) -> 1 | N101: =NOW() -> 46090.857 | O101: 2 | P101: Female | Q101: user24@example.com
A102: EMP1007 | B102: ChrisLee | C102: Chris | D102: Lee | E102: =TRIM(B102) -> ChrisLee | F102: Marketing | G102: Unknown | H102: 35364 | I102: 42057 | J102: =IF(I102="Unknown","Unknown",DATEDIF(I102,TODAY(),"Y")) -> 11 | K102: =IF(I102="Unknown","Unknown",YEAR(I102)) -> 2015 | L102: =IF(I102="Unknown","Unknown",MONTH(I102)) -> 2 | M102: =IF(I102="Unknown","Unknown",WEEKDAY(I102)) -> 1 | N102: =NOW() -> 46090.857 | O102: 2 | P102: Other | Q102: user26@example.com
A103: EMP1014 | B103: JaneSmith | C103: Jane | D103: Smith | E103: =TRIM(B103) -> JaneSmith | F103: HR | G103: Unknown | H103: 59894 | I103: 42106 | J103: =IF(I103="Unknown","Unknown",DATEDIF(I103,TODAY(),"Y")) -> 10 | K103: =IF(I103="Unknown","Unknown",YEAR(I103)) -> 2015 | L103: =IF(I103="Unknown","Unknown",MONTH(I103)) -> 4 | M103: =IF(I103="Unknown","Unknown",WEEKDAY(I103)) -> 1 | N103: =NOW() -> 46090.857 | O103: 2 | P103: Male | Q103: user184@example.com
A104: EMP1020 | B104: JaneSmith | C104: Jane | D104: Smith | E104: =TRIM(B104) -> JaneSmith | F104: HR | G104: USA | H104: 66281 | I104: 42148 | J104: =IF(I104="Unknown","Unknown",DATEDIF(I104,TODAY(),"Y")) -> 10 | K104: =IF(I104="Unknown","Unknown",YEAR(I104)) -> 2015 | L104: =IF(I104="Unknown","Unknown",MONTH(I104)) -> 5 | M104: =IF(I104="Unknown","Unknown",WEEKDAY(I104)) -> 1 | N104: =NOW() -> 46090.857 | O104: 2 | P104: Other | Q104: user200@example.com
A105: EMP1026 | B105: EveAdams | C105: Eve | D105: Adams | E105: =TRIM(B105) -> EveAdams | F105: Sales | G105: Germany | H105: 76518 | I105: 42190 | J105: =IF(I105="Unknown","Unknown",DATEDIF(I105,TODAY(),"Y")) -> 10 | K105: =IF(I105="Unknown","Unknown",YEAR(I105)) -> 2015 | L105: =IF(I105="Unknown","Unknown",MONTH(I105)) -> 7 | M105: =IF(I105="Unknown","Unknown",WEEKDAY(I105)) -> 1 | N105: =NOW() -> 46090.857 | O105: 2 | P105: Female | Q105: user68@example.com
A106: EMP1028 | B106: JohnDoe | C106: John | D106: Doe | E106: =TRIM(B106) -> JohnDoe | F106: HR | G106: UK | H106: 49282 | I106: 42204 | J106: =IF(I106="Unknown","Unknown",DATEDIF(I106,TODAY(),"Y")) -> 10 | K106: =IF(I106="Unknown","Unknown",YEAR(I106)) -> 2015 | L106: =IF(I106="Unknown","Unknown",MONTH(I106)) -> 7 | M106: =IF(I106="Unknown","Unknown",WEEKDAY(I106)) -> 1 | N106: =NOW() -> 46090.857 | O106: 2 | P106: Female | Q106: user135@example.com
A107: EMP1048 | B107: JohnDoe | C107: John | D107: Doe | E107: =TRIM(B107) -> JohnDoe | F107: Finance | G107: Unknown | H107: 66513 | I107: 42344 | J107: =IF(I107="Unknown","Unknown",DATEDIF(I107,TODAY(),"Y")) -> 10 | K107: =IF(I107="Unknown","Unknown",YEAR(I107)) -> 2015 | L107: =IF(I107="Unknown","Unknown",MONTH(I107)) -> 12 | M107: =IF(I107="Unknown","Unknown",WEEKDAY(I107)) -> 1 | N107: =NOW() -> 46090.857 | O107: 2 | P107: Other | Q107: user24@example.com
A108: EMP1050 | B108: ChrisLee | C108: Chris | D108: Lee | E108: =TRIM(B108) -> ChrisLee | F108: Unknown | G108: Unknown | H108: 30686 | I108: Unknown | J108: =IF(I108="Unknown","Unknown",DATEDIF(I108,TODAY(),"Y")) -> Unknown | K108: =IF(I108="Unknown","Unknown",YEAR(I108)) -> Unknown | L108: =IF(I108="Unknown","Unknown",MONTH(I108)) -> Unknown | M108: =IF(I108="Unknown","Unknown",WEEKDAY(I108)) -> Unknown | N108: =NOW() -> 46090.857 | O108: 2 | P108: Female | Q108: user95@example.com
A109: EMP1061 | B109: EveAdams | C109: Eve | D109: Adams | E109: =TRIM(B109) -> EveAdams | F109: Unknown | G109: Australia | H109: 31499 | I109: 42435 | J109: =IF(I109="Unknown","Unknown",DATEDIF(I109,TODAY(),"Y")) -> 10 | K109: =IF(I109="Unknown","Unknown",YEAR(I109)) -> 2016 | L109: =IF(I109="Unknown","Unknown",MONTH(I109)) -> 3 | M109: =IF(I109="Unknown","Unknown",WEEKDAY(I109)) -> 1 | N109: =NOW() -> 46090.857 | O109: 2 | P109: Unknown | Q109: user31@example.com
A110: EMP1063 | B110: EveAdams | C110: Eve | D110: Adams | E110: =TRIM(B110) -> EveAdams | F110: HR | G110: USA | H110: 36541 | I110: 42449 | J110: =IF(I110="Unknown","Unknown",DATEDIF(I110,TODAY(),"Y")) -> 9 | K110: =IF(I110="Unknown","Unknown",YEAR(I110)) -> 2016 | L110: =IF(I110="Unknown","Unknown",MONTH(I110)) -> 3 | M110: =IF(I110="Unknown","Unknown",WEEKDAY(I110)) -> 1 | N110: =NOW() -> 46090.857 | O110: 2 | P110: Other | Q110: user97@example.com
A111: EMP1068 | B111: SamWilson | C111: Sam | D111: Wilson | E111: =TRIM(B111) -> SamWilson | F111: Finance | G111: UK | H111: 41467 | I111: 42484 | J111: =IF(I111="Unknown","Unknown",DATEDIF(I111,TODAY(),"Y")) -> 9 | K111: =IF(I111="Unknown","Unknown",YEAR(I111)) -> 2016 | L111: =IF(I111="Unknown","Unknown",MONTH(I111)) -> 4 | M111: =IF(I111="Unknown","Unknown",WEEKDAY(I111)) -> 1 | N111: =NOW() -> 46090.857 | O111: 2 | P111: Unknown | Q111: user77@example.com
A112: EMP1078 | B112: SamWilson | C112: Sam | D112: Wilson | E112: =TRIM(B112) -> SamWilson | F112: Unknown | G112: UK | H112: 78245 | I112: 42554 | J112: =IF(I112="Unknown","Unknown",DATEDIF(I112,TODAY(),"Y")) -> 9 | K112: =IF(I112="Unknown","Unknown",YEAR(I112)) -> 2016 | L112: =IF(I112="Unknown","Unknown",MONTH(I112)) -> 7 | M112: =IF(I112="Unknown","Unknown",WEEKDAY(I112)) -> 1 | N112: =NOW() -> 46090.857 | O112: 2 | P112: Unknown | Q112: user46@example.com
A113: EMP1079 | B113: ChrisLee | C113: Chris | D113: Lee | E113: =TRIM(B113) -> ChrisLee | F113: Sales | G113: USA | H113: 66079 | I113: 42561 | J113: =IF(I113="Unknown","Unknown",DATEDIF(I113,TODAY(),"Y")) -> 9 | K113: =IF(I113="Unknown","Unknown",YEAR(I113)) -> 2016 | L113: =IF(I113="Unknown","Unknown",MONTH(I113)) -> 7 | M113: =IF(I113="Unknown","Unknown",WEEKDAY(I113)) -> 1 | N113: =NOW() -> 46090.857 | O113: 2 | P113: Other | Q113: user55@example.com
A114: EMP1100 | B114: BobJohnson | C114: Bob | D114: Johnson | E114: =TRIM(B114) -> BobJohnson | F114: Marketing | G114: Unknown | H114: 66281 | I114: 42708 | J114: =IF(I114="Unknown","Unknown",DATEDIF(I114,TODAY(),"Y")) -> 9 | K114: =IF(I114="Unknown","Unknown",YEAR(I114)) -> 2016 | L114: =IF(I114="Unknown","Unknown",MONTH(I114)) -> 12 | M114: =IF(I114="Unknown","Unknown",WEEKDAY(I114)) -> 1 | N114: =NOW() -> 46090.857 | O114: 2 | P114: Other | Q114: user40@example.com
A115: EMP1107 | B115: SamWilson | C115: Sam | D115: Wilson | E115: =TRIM(B115) -> SamWilson | F115: Marketing | G115: Australia | H115: 86412 | I115: 42757 | J115: =IF(I115="Unknown","Unknown",DATEDIF(I115,TODAY(),"Y")) -> 9 | K115: =IF(I115="Unknown","Unknown",YEAR(I115)) -> 2017 | L115: =IF(I115="Unknown","Unknown",MONTH(I115)) -> 1 | M115: =IF(I115="Unknown","Unknown",WEEKDAY(I115)) -> 1 | N115: =NOW() -> 46090.857 | O115: 2 | P115: Female | Q115: user128@example.com
A116: EMP1110 | B116: ChrisLee | C116: Chris | D116: Lee | E116: =TRIM(B116) -> ChrisLee | F116: Sales | G116: India | H116: 31293 | I116: Unknown | J116: =IF(I116="Unknown","Unknown",DATEDIF(I116,TODAY(),"Y")) -> Unknown | K116: =IF(I116="Unknown","Unknown",YEAR(I116)) -> Unknown | L116: =IF(I116="Unknown","Unknown",MONTH(I116)) -> Unknown | M116: =IF(I116="Unknown","Unknown",WEEKDAY(I116)) -> Unknown | N116: =NOW() -> 46090.857 | O116: 2 | P116: Female | Q116: user44@example.com
A117: EMP1121 | B117: ChrisLee | C117: Chris | D117: Lee | E117: =TRIM(B117) -> ChrisLee | F117: Sales | G117: USA | H117: 45676 | I117: 42855 | J117: =IF(I117="Unknown","Unknown",DATEDIF(I117,TODAY(),"Y")) -> 8 | K117: =IF(I117="Unknown","Unknown",YEAR(I117)) -> 2017 | L117: =IF(I117="Unknown","Unknown",MONTH(I117)) -> 4 | M117: =IF(I117="Unknown","Unknown",WEEKDAY(I117)) -> 1 | N117: =NOW() -> 46090.857 | O117: 2 | P117: Unknown | Q117: user132@example.com
A118: EMP1127 | B118: JohnDoe | C118: John | D118: Doe | E118: =TRIM(B118) -> JohnDoe | F118: Finance | G118: USA | H118: 91953 | I118: 42897 | J118: =IF(I118="Unknown","Unknown",DATEDIF(I118,TODAY(),"Y")) -> 8 | K118: =IF(I118="Unknown","Unknown",YEAR(I118)) -> 2017 | L118: =IF(I118="Unknown","Unknown",MONTH(I118)) -> 6 | M118: =IF(I118="Unknown","Unknown",WEEKDAY(I118)) -> 1 | N118: =NOW() -> 46090.857 | O118: 2 | P118: Male | Q118: user83@example.com
A119: EMP1139 | B119: BobJohnson | C119: Bob | D119: Johnson | E119: =TRIM(B119) -> BobJohnson | F119: IT | G119: Unknown | H119: 73348 | I119: 42981 | J119: =IF(I119="Unknown","Unknown",DATEDIF(I119,TODAY(),"Y")) -> 8 | K119: =IF(I119="Unknown","Unknown",YEAR(I119)) -> 2017 | L119: =IF(I119="Unknown","Unknown",MONTH(I119)) -> 9 | M119: =IF(I119="Unknown","Unknown",WEEKDAY(I119)) -> 1 | N119: =NOW() -> 46090.857 | O119: 2 | P119: Unknown | Q119: user22@example.com
A120: EMP1144 | B120: EveAdams | C120: Eve | D120: Adams | E120: =TRIM(B120) -> EveAdams | F120: Unknown | G120: Unknown | H120: 94148 | I120: 43016 | J120: =IF(I120="Unknown","Unknown",DATEDIF(I120,TODAY(),"Y")) -> 8 | K120: =IF(I120="Unknown","Unknown",YEAR(I120)) -> 2017 | L120: =IF(I120="Unknown","Unknown",MONTH(I120)) -> 10 | M120: =IF(I120="Unknown","Unknown",WEEKDAY(I120)) -> 1 | N120: =NOW() -> 46090.857 | O120: 2 | P120: Unknown | Q120: user53@example.com
A121: EMP1146 | B121: JohnDoe | C121: John | D121: Doe | E121: =TRIM(B121) -> JohnDoe | F121: Marketing | G121: USA | H121: 57141 | I121: 43030 | J121: =IF(I121="Unknown","Unknown",DATEDIF(I121,TODAY(),"Y")) -> 8 | K121: =IF(I121="Unknown","Unknown",YEAR(I121)) -> 2017 | L121: =IF(I121="Unknown","Unknown",MONTH(I121)) -> 10 | M121: =IF(I121="Unknown","Unknown",WEEKDAY(I121)) -> 1 | N121: =NOW() -> 46090.857 | O121: 2 | P121: Unknown | Q121: user165@example.com
A122: EMP1001 | B122: EveAdams | C122: Eve | D122: Adams | E122: =TRIM(B122) -> EveAdams | F122: HR | G122: Germany | H122: 54255 | I122: 42015 | J122: =IF(I122="Unknown","Unknown",DATEDIF(I122,TODAY(),"Y")) -> 11 | K122: =IF(I122="Unknown","Unknown",YEAR(I122)) -> 2015 | L122: =IF(I122="Unknown","Unknown",MONTH(I122)) -> 1 | M122: =IF(I122="Unknown","Unknown",WEEKDAY(I122)) -> 1 | N122: =NOW() -> 46090.857 | O122: 1 | P122: Other | Q122: user106@example.com
A123: EMP1003 | B123: JohnDoe | C123: John | D123: Doe | E123: =TRIM(B123) -> JohnDoe | F123: Sales | G123: USA | H123: 94406 | I123: 42029 | J123: =IF(I123="Unknown","Unknown",DATEDIF(I123,TODAY(),"Y")) -> 11 | K123: =IF(I123="Unknown","Unknown",YEAR(I123)) -> 2015 | L123: =IF(I123="Unknown","Unknown",MONTH(I123)) -> 1 | M123: =IF(I123="Unknown","Unknown",WEEKDAY(I123)) -> 1 | N123: =NOW() -> 46090.857 | O123: 1 | P123: Male | Q123: user168@example.com
A124: EMP1004 | B124: JaneSmith | C124: Jane | D124: Smith | E124: =TRIM(B124) -> JaneSmith | F124: Sales | G124: Germany | H124: 64120 | I124: 42036 | J124: =IF(I124="Unknown","Unknown",DATEDIF(I124,TODAY(),"Y")) -> 11 | K124: =IF(I124="Unknown","Unknown",YEAR(I124)) -> 2015 | L124: =IF(I124="Unknown","Unknown",MONTH(I124)) -> 2 | M124: =IF(I124="Unknown","Unknown",WEEKDAY(I124)) -> 1 | N124: =NOW() -> 46090.857 | O124: 1 | P124: Male | Q124: user49@example.com
A125: EMP1010 | B125: SamWilson | C125: Sam | D125: Wilson | E125: =TRIM(B125) -> SamWilson | F125: Finance | G125: UK | H125: 64247 | I125: 42078 | J125: =IF(I125="Unknown","Unknown",DATEDIF(I125,TODAY(),"Y")) -> 10 | K125: =IF(I125="Unknown","Unknown",YEAR(I125)) -> 2015 | L125: =IF(I125="Unknown","Unknown",MONTH(I125)) -> 3 | M125: =IF(I125="Unknown","Unknown",WEEKDAY(I125)) -> 1 | N125: =NOW() -> 46090.857 | O125: 1 | P125: Female | Q125: user18@example.com
A126: EMP1017 | B126: JaneSmith | C126: Jane | D126: Smith | E126: =TRIM(B126) -> JaneSmith | F126: Finance | G126: Australia | H126: 41341 | I126: 42127 | J126: =IF(I126="Unknown","Unknown",DATEDIF(I126,TODAY(),"Y")) -> 10 | K126: =IF(I126="Unknown","Unknown",YEAR(I126)) -> 2015 | L126: =IF(I126="Unknown","Unknown",MONTH(I126)) -> 5 | M126: =IF(I126="Unknown","Unknown",WEEKDAY(I126)) -> 1 | N126: =NOW() -> 46090.857 | O126: 1 | P126: Other | Q126: user38@example.com
A127: EMP1024 | B127: SamWilson | C127: Sam | D127: Wilson | E127: =TRIM(B127) -> SamWilson | F127: Finance | G127: Unknown | H127: 91005 | I127: 42176 | J127: =IF(I127="Unknown","Unknown",DATEDIF(I127,TODAY(),"Y")) -> 10 | K127: =IF(I127="Unknown","Unknown",YEAR(I127)) -> 2015 | L127: =IF(I127="Unknown","Unknown",MONTH(I127)) -> 6 | M127: =IF(I127="Unknown","Unknown",WEEKDAY(I127)) -> 1 | N127: =NOW() -> 46090.857 | O127: 1 | P127: Other | Q127: user122@example.com
A128: EMP1030 | B128: Unknown | C128: Unknown | D128: Unknown | E128: =TRIM(B128) -> Unknown | F128: Marketing | G128: Unknown | H128: 92259 | I128: Unknown | J128: =IF(I128="Unknown","Unknown",DATEDIF(I128,TODAY(),"Y")) -> Unknown | K128: =IF(I128="Unknown","Unknown",YEAR(I128)) -> Unknown | L128: =IF(I128="Unknown","Unknown",MONTH(I128)) -> Unknown | M128: =IF(I128="Unknown","Unknown",WEEKDAY(I128)) -> Unknown | N128: =NOW() -> 46090.857 | O128: 1 | P128: Unknown | Q128: user109@example.com
A129: EMP1042 | B129: BobJohnson | C129: Bob | D129: Johnson | E129: =TRIM(B129) -> BobJohnson | F129: Unknown | G129: Australia | H129: 64913 | I129: 42302 | J129: =IF(I129="Unknown","Unknown",DATEDIF(I129,TODAY(),"Y")) -> 10 | K129: =IF(I129="Unknown","Unknown",YEAR(I129)) -> 2015 | L129: =IF(I129="Unknown","Unknown",MONTH(I129)) -> 10 | M129: =IF(I129="Unknown","Unknown",WEEKDAY(I129)) -> 1 | N129: =NOW() -> 46090.857 | O129: 1 | P129: Female | Q129: user175@example.com
A130: EMP1044 | B130: ChrisLee | C130: Chris | D130: Lee | E130: =TRIM(B130) -> ChrisLee | F130: Finance | G130: Unknown | H130: 81610 | I130: 42316 | J130: =IF(I130="Unknown","Unknown",DATEDIF(I130,TODAY(),"Y")) -> 10 | K130: =IF(I130="Unknown","Unknown",YEAR(I130)) -> 2015 | L130: =IF(I130="Unknown","Unknown",MONTH(I130)) -> 11 | M130: =IF(I130="Unknown","Unknown",WEEKDAY(I130)) -> 1 | N130: =NOW() -> 46090.857 | O130: 1 | P130: Unknown | Q130: user20@example.com
A131: EMP1052 | B131: EveAdams | C131: Eve | D131: Adams | E131: =TRIM(B131) -> EveAdams | F131: Marketing | G131: Unknown | H131: 30280 | I131: 42372 | J131: =IF(I131="Unknown","Unknown",DATEDIF(I131,TODAY(),"Y")) -> 10 | K131: =IF(I131="Unknown","Unknown",YEAR(I131)) -> 2016 | L131: =IF(I131="Unknown","Unknown",MONTH(I131)) -> 1 | M131: =IF(I131="Unknown","Unknown",WEEKDAY(I131)) -> 1 | N131: =NOW() -> 46090.857 | O131: 1 | P131: Unknown | Q131: user152@example.com
A132: EMP1056 | B132: JohnDoe | C132: John | D132: Doe | E132: =TRIM(B132) -> JohnDoe | F132: Sales | G132: Australia | H132: 60011 | I132: 42400 | J132: =IF(I132="Unknown","Unknown",DATEDIF(I132,TODAY(),"Y")) -> 10 | K132: =IF(I132="Unknown","Unknown",YEAR(I132)) -> 2016 | L132: =IF(I132="Unknown","Unknown",MONTH(I132)) -> 1 | M132: =IF(I132="Unknown","Unknown",WEEKDAY(I132)) -> 1 | N132: =NOW() -> 46090.857 | O132: 1 | P132: Male | Q132: user63@example.com
A133: EMP1059 | B133: SamWilson | C133: Sam | D133: Wilson | E133: =TRIM(B133) -> SamWilson | F133: Finance | G133: USA | H133: 82033 | I133: 42421 | J133: =IF(I133="Unknown","Unknown",DATEDIF(I133,TODAY(),"Y")) -> 10 | K133: =IF(I133="Unknown","Unknown",YEAR(I133)) -> 2016 | L133: =IF(I133="Unknown","Unknown",MONTH(I133)) -> 2 | M133: =IF(I133="Unknown","Unknown",WEEKDAY(I133)) -> 1 | N133: =NOW() -> 46090.857 | O133: 1 | P133: Unknown | Q133: user20@example.com
...

Sheet Vlookup
A1: EmployeeID | B1: Name | C1: FirstName | D1: LastName | E1: CleanedName | F1: Department | G1: Country | H1: Salary | I1: Date | J1: Experience | K1: Joining Year | L1: Joining month | M1: Joining weekday | N1: Current_Date_Time | O1: PerformanceRating | P1: Gender | Q1: Email
A2: EMP1011 | B2: =VLOOKUP($A2,Employee_Cleaned!$A$2:$Q$151,2,FALSE) -> SamWilson | C2: =VLOOKUP($A2,Employee_Cleaned!$A$2:$Q$151,3,FALSE) -> Sam | D2: =VLOOKUP($A2,Employee_Cleaned!$A$2:$Q$151,4,FALSE) -> Wilson | E2: =VLOOKUP($A2,Employee_Cleaned!$A$2:$Q$151,5,FALSE) -> SamWilson | F2: =VLOOKUP($A2,Employee_Cleaned!$A$2:$Q$151,6,FALSE) -> IT | G2: =VLOOKUP($A2,Employee_Cleaned!$A$2:$Q$151,7,FALSE) -> USA | H2: =VLOOKUP($A2,Employee_Cleaned!$A$2:$Q$151,8,FALSE) -> 91180 | I2: =VLOOKUP($A2,Employee_Cleaned!$A$2:$Q$151,9,FALSE) -> 42085 | J2: =VLOOKUP($A2,Employee_Cleaned!$A$2:$Q$151,10,FALSE) -> 10 | K2: =VLOOKUP($A2,Employee_Cleaned!$A$2:$Q$151,11,FALSE) -> 2015 | L2: =VLOOKUP($A2,Employee_Cleaned!$A$2:$Q$151,12,FALSE) -> 3 | M2: =VLOOKUP($A2,Employee_Cleaned!$A$2:$Q$151,13,FALSE) -> 1 | N2: =VLOOKUP($A2,Employee_Cleaned!$A$2:$Q$151,14,FALSE) -> 46090.857 | O2: =VLOOKUP($A2,Employee_Cleaned!$A$2:$Q$151,15,FALSE) -> 5 | P2: =VLOOKUP($A2,Employee_Cleaned!$A$2:$Q$151,16,FALSE) -> Male | Q2: =VLOOKUP($A2,Employee_Cleaned!$A$2:$Q$151,17,FALSE) -> user1@example.com
A3: EMP1012 | B3: =VLOOKUP($A3,Employee_Cleaned!$A$2:$Q$151,2,FALSE) -> BobJohnson | C3: =VLOOKUP($A3,Employee_Cleaned!$A$2:$Q$151,3,FALSE) -> Bob | D3: =VLOOKUP($A3,Employee_Cleaned!$A$2:$Q$151,4,FALSE) -> Johnson | E3: =VLOOKUP($A3,Employee_Cleaned!$A$2:$Q$151,5,FALSE) -> BobJohnson | F3: =VLOOKUP($A3,Employee_Cleaned!$A$2:$Q$151,6,FALSE) -> Sales | G3: =VLOOKUP($A3,Employee_Cleaned!$A$2:$Q$151,7,FALSE) -> Unknown | H3: =VLOOKUP($A3,Employee_Cleaned!$A$2:$Q$151,8,FALSE) -> 96418 | I3: =VLOOKUP($A3,Employee_Cleaned!$A$2:$Q$151,9,FALSE) -> 42092 | J3: =VLOOKUP($A3,Employee_Cleaned!$A$2:$Q$151,10,FALSE) -> 10 | K3: =VLOOKUP($A3,Employee_Cleaned!$A$2:$Q$151,11,FALSE) -> 2015 | L3: =VLOOKUP($A3,Employee_Cleaned!$A$2:$Q$151,12,FALSE) -> 3 | M3: =VLOOKUP($A3,Employee_Cleaned!$A$2:$Q$151,13,FALSE) -> 1 | N3: =VLOOKUP($A3,Employee_Cleaned!$A$2:$Q$151,14,FALSE) -> 46090.857 | O3: =VLOOKUP($A3,Employee_Cleaned!$A$2:$Q$151,10,FALSE) -> 10 | P3: =VLOOKUP($A3,Employee_Cleaned!$A$2:$Q$151,16,FALSE) -> Male | Q3: =VLOOKUP($A3,Employee_Cleaned!$A$2:$Q$151,17,FALSE) -> user106@example.com
A4: EMP1019 | B4: =VLOOKUP($A4,Employee_Cleaned!$A$2:$Q$151,2,FALSE) -> EveAdams | C4: =VLOOKUP($A4,Employee_Cleaned!$A$2:$Q$151,3,FALSE) -> Eve | D4: =VLOOKUP($A4,Employee_Cleaned!$A$2:$Q$151,4,FALSE) -> Adams | E4: =VLOOKUP($A4,Employee_Cleaned!$A$2:$Q$151,5,FALSE) -> EveAdams | F4: =VLOOKUP($A4,Employee_Cleaned!$A$2:$Q$151,6,FALSE) -> Unknown | G4: =VLOOKUP($A4,Employee_Cleaned!$A$2:$Q$151,7,FALSE) -> India | H4: =VLOOKUP($A4,Employee_Cleaned!$A$2:$Q$151,8,FALSE) -> 67531 | I4: =VLOOKUP($A4,Employee_Cleaned!$A$2:$Q$151,9,FALSE) -> 42141 | J4: =VLOOKUP($A4,Employee_Cleaned!$A$2:$Q$151,10,FALSE) -> 10 | K4: =VLOOKUP($A4,Employee_Cleaned!$A$2:$Q$151,11,FALSE) -> 2015 | L4: =VLOOKUP($A4,Employee_Cleaned!$A$2:$Q$151,12,FALSE) -> 5 | M4: =VLOOKUP($A4,Employee_Cleaned!$A$2:$Q$151,13,FALSE) -> 1 | N4: =VLOOKUP($A4,Employee_Cleaned!$A$2:$Q$151,14,FALSE) -> 46090.857 | O4: =VLOOKUP($A4,Employee_Cleaned!$A$2:$Q$151,10,FALSE) -> 10 | P4: =VLOOKUP($A4,Employee_Cleaned!$A$2:$Q$151,16,FALSE) -> Female | Q4: =VLOOKUP($A4,Employee_Cleaned!$A$2:$Q$151,17,FALSE) -> user151@example.com
A5: EMP1022 | B5: =VLOOKUP($A5,Employee_Cleaned!$A$2:$Q$151,2,FALSE) -> EveAdams | C5: =VLOOKUP($A5,Employee_Cleaned!$A$2:$Q$151,3,FALSE) -> Eve | D5: =VLOOKUP($A5,Employee_Cleaned!$A$2:$Q$151,4,FALSE) -> Adams | E5: =VLOOKUP($A5,Employee_Cleaned!$A$2:$Q$151,5,FALSE) -> EveAdams | F5: =VLOOKUP($A5,Employee_Cleaned!$A$2:$Q$151,6,FALSE) -> Finance | G5: =VLOOKUP($A5,Employee_Cleaned!$A$2:$Q$151,7,FALSE) -> India | H5: =VLOOKUP($A5,Employee_Cleaned!$A$2:$Q$151,8,FALSE) -> 38333 | I5: =VLOOKUP($A5,Employee_Cleaned!$A$2:$Q$151,9,FALSE) -> 42162 | J5: =VLOOKUP($A5,Employee_Cleaned!$A$2:$Q$151,10,FALSE) -> 10 | K5: =VLOOKUP($A5,Employee_Cleaned!$A$2:$Q$151,11,FALSE) -> 2015 | L5: =VLOOKUP($A5,Employee_Cleaned!$A$2:$Q$151,12,FALSE) -> 6 | M5: =VLOOKUP($A5,Employee_Cleaned!$A$2:$Q$151,13,FALSE) -> 1 | N5: =VLOOKUP($A5,Employee_Cleaned!$A$2:$Q$151,14,FALSE) -> 46090.857 | O5: =VLOOKUP($A5,Employee_Cleaned!$A$2:$Q$151,10,FALSE) -> 10 | P5: =VLOOKUP($A5,Employee_Cleaned!$A$2:$Q$151,16,FALSE) -> Unknown | Q5: =VLOOKUP($A5,Employee_Cleaned!$A$2:$Q$151,17,FALSE) -> user128@example.com
A6: EMP1029 | B6: =VLOOKUP($A6,Employee_Cleaned!$A$2:$Q$151,2,FALSE) -> BobJohnson | C6: =VLOOKUP($A6,Employee_Cleaned!$A$2:$Q$151,3,FALSE) -> Bob | D6: =VLOOKUP($A6,Employee_Cleaned!$A$2:$Q$151,4,FALSE) -> Johnson | E6: =VLOOKUP($A6,Employee_Cleaned!$A$2:$Q$151,5,FALSE) -> BobJohnson | F6: =VLOOKUP($A6,Employee_Cleaned!$A$2:$Q$151,6,FALSE) -> Marketing | G6: =VLOOKUP($A6,Employee_Cleaned!$A$2:$Q$151,7,FALSE) -> UK | H6: =VLOOKUP($A6,Employee_Cleaned!$A$2:$Q$151,8,FALSE) -> 92959 | I6: =VLOOKUP($A6,Employee_Cleaned!$A$2:$Q$151,9,FALSE) -> 42211 | J6: =VLOOKUP($A6,Employee_Cleaned!$A$2:$Q$151,10,FALSE) -> 10 | K6: =VLOOKUP($A6,Employee_Cleaned!$A$2:$Q$151,11,FALSE) -> 2015 | L6: =VLOOKUP($A6,Employee_Cleaned!$A$2:$Q$151,12,FALSE) -> 7 | M6: =VLOOKUP($A6,Employee_Cleaned!$A$2:$Q$151,13,FALSE) -> 1 | N6: =VLOOKUP($A6,Employee_Cleaned!$A$2:$Q$151,14,FALSE) -> 46090.857 | O6: =VLOOKUP($A6,Employee_Cleaned!$A$2:$Q$151,10,FALSE) -> 10 | P6: =VLOOKUP($A6,Employee_Cleaned!$A$2:$Q$151,16,FALSE) -> Unknown | Q6: =VLOOKUP($A6,Employee_Cleaned!$A$2:$Q$151,17,FALSE) -> user83@example.com
A7: EMP1038 | B7: =VLOOKUP($A7,Employee_Cleaned!$A$2:$Q$151,2,FALSE) -> JohnDoe | C7: =VLOOKUP($A7,Employee_Cleaned!$A$2:$Q$151,3,FALSE) -> John | D7: =VLOOKUP($A7,Employee_Cleaned!$A$2:$Q$151,4,FALSE) -> Doe | E7: =VLOOKUP($A7,Employee_Cleaned!$A$2:$Q$151,5,FALSE) -> JohnDoe | F7: =VLOOKUP($A7,Employee_Cleaned!$A$2:$Q$151,6,FALSE) -> Marketing | G7: =VLOOKUP($A7,Employee_Cleaned!$A$2:$Q$151,7,FALSE) -> UK | H7: =VLOOKUP($A7,Employee_Cleaned!$A$2:$Q$151,8,FALSE) -> 52093 | I7: =VLOOKUP($A7,Employee_Cleaned!$A$2:$Q$151,9,FALSE) -> 42274 | J7: =VLOOKUP($A7,Employee_Cleaned!$A$2:$Q$151,10,FALSE) -> 10 | K7: =VLOOKUP($A7,Employee_Cleaned!$A$2:$Q$151,11,FALSE) -> 2015 | L7: =VLOOKUP($A7,Employee_Cleaned!$A$2:$Q$151,12,FALSE) -> 9 | M7: =VLOOKUP($A7,Employee_Cleaned!$A$2:$Q$151,13,FALSE) -> 1 | N7: =VLOOKUP($A7,Employee_Cleaned!$A$2:$Q$151,14,FALSE) -> 46090.857 | O7: =VLOOKUP($A7,Employee_Cleaned!$A$2:$Q$151,10,FALSE) -> 10 | P7: =VLOOKUP($A7,Employee_Cleaned!$A$2:$Q$151,16,FALSE) -> Unknown | Q7: =VLOOKUP($A7,Employee_Cleaned!$A$2:$Q$151,17,FALSE) -> user154@example.com
A8: EMP1049 | B8: =VLOOKUP($A8,Employee_Cleaned!$A$2:$Q$151,2,FALSE) -> EveAdams | C8: =VLOOKUP($A8,Employee_Cleaned!$A$2:$Q$151,3,FALSE) -> Eve | D8: =VLOOKUP($A8,Employee_Cleaned!$A$2:$Q$151,4,FALSE) -> Adams | E8: =VLOOKUP($A8,Employee_Cleaned!$A$2:$Q$151,5,FALSE) -> EveAdams | F8: =VLOOKUP($A8,Employee_Cleaned!$A$2:$Q$151,6,FALSE) -> HR | G8: =VLOOKUP($A8,Employee_Cleaned!$A$2:$Q$151,7,FALSE) -> Germany | H8: =VLOOKUP($A8,Employee_Cleaned!$A$2:$Q$151,8,FALSE) -> 78720 | I8: =VLOOKUP($A8,Employee_Cleaned!$A$2:$Q$151,9,FALSE) -> 42351 | J8: =VLOOKUP($A8,Employee_Cleaned!$A$2:$Q$151,10,FALSE) -> 10 | K8: =VLOOKUP($A8,Employee_Cleaned!$A$2:$Q$151,11,FALSE) -> 2015 | L8: =VLOOKUP($A8,Employee_Cleaned!$A$2:$Q$151,12,FALSE) -> 12 | M8: =VLOOKUP($A8,Employee_Cleaned!$A$2:$Q$151,13,FALSE) -> 1 | N8: =VLOOKUP($A8,Employee_Cleaned!$A$2:$Q$151,14,FALSE) -> 46090.857 | O8: =VLOOKUP($A8,Employee_Cleaned!$A$2:$Q$151,10,FALSE) -> 10 | P8: =VLOOKUP($A8,Employee_Cleaned!$A$2:$Q$151,16,FALSE) -> Female | Q8: =VLOOKUP($A8,Employee_Cleaned!$A$2:$Q$151,17,FALSE) -> user89@example.com
A9: EMP1051 | B9: =VLOOKUP($A9,Employee_Cleaned!$A$2:$Q$151,2,FALSE) -> SamWilson | C9: =VLOOKUP($A9,Employee_Cleaned!$A$2:$Q$151,3,FALSE) -> Sam | D9: =VLOOKUP($A9,Employee_Cleaned!$A$2:$Q$151,4,FALSE) -> Wilson | E9: =VLOOKUP($A9,Employee_Cleaned!$A$2:$Q$151,5,FALSE) -> SamWilson | F9: =VLOOKUP($A9,Employee_Cleaned!$A$2:$Q$151,6,FALSE) -> Sales | G9: =VLOOKUP($A9,Employee_Cleaned!$A$2:$Q$151,7,FALSE) -> India | H9: =VLOOKUP($A9,Employee_Cleaned!$A$2:$Q$151,8,FALSE) -> 39423 | I9: =VLOOKUP($A9,Employee_Cleaned!$A$2:$Q$151,9,FALSE) -> 42365 | J9: =VLOOKUP($A9,Employee_Cleaned!$A$2:$Q$151,10,FALSE) -> 10 | K9: =VLOOKUP($A9,Employee_Cleaned!$A$2:$Q$151,11,FALSE) -> 2015 | L9: =VLOOKUP($A9,Employee_Cleaned!$A$2:$Q$151,12,FALSE) -> 12 | M9: =VLOOKUP($A9,Employee_Cleaned!$A$2:$Q$151,13,FALSE) -> 1 | N9: =VLOOKUP($A9,Employee_Cleaned!$A$2:$Q$151,14,FALSE) -> 46090.857 | O9: =VLOOKUP($A9,Employee_Cleaned!$A$2:$Q$151,10,FALSE) -> 10 | P9: =VLOOKUP($A9,Employee_Cleaned!$A$2:$Q$151,16,FALSE) -> Unknown | Q9: =VLOOKUP($A9,Employee_Cleaned!$A$2:$Q$151,17,FALSE) -> user59@example.com
A10: EMP1054 | B10: =VLOOKUP($A10,Employee_Cleaned!$A$2:$Q$151,2,FALSE) -> BobJohnson | C10: =VLOOKUP($A10,Employee_Cleaned!$A$2:$Q$151,3,FALSE) -> Bob | D10: =VLOOKUP($A10,Employee_Cleaned!$A$2:$Q$151,4,FALSE) -> Johnson | E10: =VLOOKUP($A10,Employee_Cleaned!$A$2:$Q$151,5,FALSE) -> BobJohnson | F10: =VLOOKUP($A10,Employee_Cleaned!$A$2:$Q$151,6,FALSE) -> Marketing | G10: =VLOOKUP($A10,Employee_Cleaned!$A$2:$Q$151,7,FALSE) -> UK | H10: =VLOOKUP($A10,Employee_Cleaned!$A$2:$Q$151,8,FALSE) -> 75633 | I10: =VLOOKUP($A10,Employee_Cleaned!$A$2:$Q$151,9,FALSE) -> 42386 | J10: =VLOOKUP($A10,Employee_Cleaned!$A$2:$Q$151,10,FALSE) -> 10 | K10: =VLOOKUP($A10,Employee_Cleaned!$A$2:$Q$151,11,FALSE) -> 2016 | L10: =VLOOKUP($A10,Employee_Cleaned!$A$2:$Q$151,12,FALSE) -> 1 | M10: =VLOOKUP($A10,Employee_Cleaned!$A$2:$Q$151,13,FALSE) -> 1 | N10: =VLOOKUP($A10,Employee_Cleaned!$A$2:$Q$151,14,FALSE) -> 46090.857 | O10: =VLOOKUP($A10,Employee_Cleaned!$A$2:$Q$151,10,FALSE) -> 10 | P10: =VLOOKUP($A10,Employee_Cleaned!$A$2:$Q$151,16,FALSE) -> Other | Q10: =VLOOKUP($A10,Employee_Cleaned!$A$2:$Q$151,17,FALSE) -> user92@example.com
A11: EMP1055 | B11: =VLOOKUP($A11,Employee_Cleaned!$A$2:$Q$151,2,FALSE) -> ChrisLee | C11: =VLOOKUP($A11,Employee_Cleaned!$A$2:$Q$151,3,FALSE) -> Chris | D11: =VLOOKUP($A11,Employee_Cleaned!$A$2:$Q$151,4,FALSE) -> Lee | E11: =VLOOKUP($A11,Employee_Cleaned!$A$2:$Q$151,5,FALSE) -> ChrisLee | F11: =VLOOKUP($A11,Employee_Cleaned!$A$2:$Q$151,6,FALSE) -> Unknown | G11: =VLOOKUP($A11,Employee_Cleaned!$A$2:$Q$151,7,FALSE) -> USA | H11: =VLOOKUP($A11,Employee_Cleaned!$A$2:$Q$151,8,FALSE) -> 74815 | I11: =VLOOKUP($A11,Employee_Cleaned!$A$2:$Q$151,9,FALSE) -> 42393 | J11: =VLOOKUP($A11,Employee_Cleaned!$A$2:$Q$151,10,FALSE) -> 10 | K11: =VLOOKUP($A11,Employee_Cleaned!$A$2:$Q$151,11,FALSE) -> 2016 | L11: =VLOOKUP($A11,Employee_Cleaned!$A$2:$Q$151,12,FALSE) -> 1 | M11: =VLOOKUP($A11,Employee_Cleaned!$A$2:$Q$151,13,FALSE) -> 1 | N11: =VLOOKUP($A11,Employee_Cleaned!$A$2:$Q$151,14,FALSE) -> 46090.857 | O11: =VLOOKUP($A11,Employee_Cleaned!$A$2:$Q$151,10,FALSE) -> 10 | P11: =VLOOKUP($A11,Employee_Cleaned!$A$2:$Q$151,16,FALSE) -> Female | Q11: =VLOOKUP($A11,Employee_Cleaned!$A$2:$Q$151,17,FALSE) -> user50@example.com
A12: EMP1058 | B12: =VLOOKUP($A12,Employee_Cleaned!$A$2:$Q$151,2,FALSE) -> SamWilson | C12: =VLOOKUP($A12,Employee_Cleaned!$A$2:$Q$151,3,FALSE) -> Sam | D12: =VLOOKUP($A12,Employee_Cleaned!$A$2:$Q$151,4,FALSE) -> Wilson | E12: =VLOOKUP($A12,Employee_Cleaned!$A$2:$Q$151,5,FALSE) -> SamWilson | F12: =VLOOKUP($A12,Employee_Cleaned!$A$2:$Q$151,6,FALSE) -> Marketing | G12: =VLOOKUP($A12,Employee_Cleaned!$A$2:$Q$151,7,FALSE) -> Unknown | H12: =VLOOKUP($A12,Employee_Cleaned!$A$2:$Q$151,8,FALSE) -> 84924 | I12: =VLOOKUP($A12,Employee_Cleaned!$A$2:$Q$151,9,FALSE) -> 42414 | J12: =VLOOKUP($A12,Employee_Cleaned!$A$2:$Q$151,10,FALSE) -> 10 | K12: =VLOOKUP($A12,Employee_Cleaned!$A$2:$Q$151,11,FALSE) -> 2016 | L12: =VLOOKUP($A12,Employee_Cleaned!$A$2:$Q$151,12,FALSE) -> 2 | M12: =VLOOKUP($A12,Employee_Cleaned!$A$2:$Q$151,13,FALSE) -> 1 | N12: =VLOOKUP($A12,Employee_Cleaned!$A$2:$Q$151,14,FALSE) -> 46090.857 | O12: =VLOOKUP($A12,Employee_Cleaned!$A$2:$Q$151,10,FALSE) -> 10 | P12: =VLOOKUP($A12,Employee_Cleaned!$A$2:$Q$151,16,FALSE) -> Male | Q12: =VLOOKUP($A12,Employee_Cleaned!$A$2:$Q$151,17,FALSE) -> user150@example.com
A13: EMP1060 | B13: =VLOOKUP($A13,Employee_Cleaned!$A$2:$Q$151,2,FALSE) -> Unknown | C13: =VLOOKUP($A13,Employee_Cleaned!$A$2:$Q$151,3,FALSE) -> Unknown | D13: =VLOOKUP($A13,Employee_Cleaned!$A$2:$Q$151,4,FALSE) -> Unknown | E13: =VLOOKUP($A13,Employee_Cleaned!$A$2:$Q$151,5,FALSE) -> Unknown | F13: =VLOOKUP($A13,Employee_Cleaned!$A$2:$Q$151,6,FALSE) -> Marketing | G13: =VLOOKUP($A13,Employee_Cleaned!$A$2:$Q$151,7,FALSE) -> Germany | H13: =VLOOKUP($A13,Employee_Cleaned!$A$2:$Q$151,8,FALSE) -> 66281 | I13: =VLOOKUP($A13,Employee_Cleaned!$A$2:$Q$151,9,FALSE) -> Unknown | J13: =VLOOKUP($A13,Employee_Cleaned!$A$2:$Q$151,10,FALSE) -> Unknown | K13: =VLOOKUP($A13,Employee_Cleaned!$A$2:$Q$151,11,FALSE) -> Unknown | L13: =VLOOKUP($A13,Employee_Cleaned!$A$2:$Q$151,12,FALSE) -> Unknown | M13: =VLOOKUP($A13,Employee_Cleaned!$A$2:$Q$151,13,FALSE) -> Unknown | N13: =VLOOKUP($A13,Employee_Cleaned!$A$2:$Q$151,14,FALSE) -> 46090.857 | O13: =VLOOKUP($A13,Employee_Cleaned!$A$2:$Q$151,10,FALSE) -> Unknown | P13: =VLOOKUP($A13,Employee_Cleaned!$A$2:$Q$151,16,FALSE) -> Unknown | Q13: =VLOOKUP($A13,Employee_Cleaned!$A$2:$Q$151,17,FALSE) -> user112@example.com
A14: EMP1062 | B14: =VLOOKUP($A14,Employee_Cleaned!$A$2:$Q$151,2,FALSE) -> ChrisLee | C14: =VLOOKUP($A14,Employee_Cleaned!$A$2:$Q$151,3,FALSE) -> Chris | D14: =VLOOKUP($A14,Employee_Cleaned!$A$2:$Q$151,4,FALSE) -> Lee | E14: =VLOOKUP($A14,Employee_Cleaned!$A$2:$Q$151,5,FALSE) -> ChrisLee | F14: =VLOOKUP($A14,Employee_Cleaned!$A$2:$Q$151,6,FALSE) -> IT | G14: =VLOOKUP($A14,Employee_Cleaned!$A$2:$Q$151,7,FALSE) -> UK | H14: =VLOOKUP($A14,Employee_Cleaned!$A$2:$Q$151,8,FALSE) -> 97981 | I14: =VLOOKUP($A14,Employee_Cleaned!$A$2:$Q$151,9,FALSE) -> 42442 | J14: =VLOOKUP($A14,Employee_Cleaned!$A$2:$Q$151,10,FALSE) -> 9 | K14: =VLOOKUP($A14,Employee_Cleaned!$A$2:$Q$151,11,FALSE) -> 2016 | L14: =VLOOKUP($A14,Employee_Cleaned!$A$2:$Q$151,12,FALSE) -> 3 | M14: =VLOOKUP($A14,Employee_Cleaned!$A$2:$Q$151,13,FALSE) -> 1 | N14: =VLOOKUP($A14,Employee_Cleaned!$A$2:$Q$151,14,FALSE) -> 46090.857 | O14: =VLOOKUP($A14,Employee_Cleaned!$A$2:$Q$151,10,FALSE) -> 9 | P14: =VLOOKUP($A14,Employee_Cleaned!$A$2:$Q$151,16,FALSE) -> Female | Q14: =VLOOKUP($A14,Employee_Cleaned!$A$2:$Q$151,17,FALSE) -> user71@example.com
... A25: EMP1145 | B25: =VLOOKUP($A25,Employee_Cleaned!$A$2:$Q$151,2,FALSE) -> SamWilson | C25: =VLOOKUP($A25,Employee_Cleaned!$A$2:$Q$151,3,FALSE) -> Sam | D25: =VLOOKUP($A25,Employee_Cleaned!$A$2:$Q$151,4,FALSE) -> Wilson | E25: =VLOOKUP($A25,Employee_Cleaned!$A$2:$Q$151,5,FALSE) -> SamWilson | F25: =VLOOKUP($A25,Employee_Cleaned!$A$2:$Q$151,6,FALSE) -> Sales | G25: =VLOOKUP($A25,Employee_Cleaned!$A$2:$Q$151,7,FALSE) -> Australia | H25: =VLOOKUP($A25,Employee_Cleaned!$A$2:$Q$151,8,FALSE) -> 35627 | I25: =VLOOKUP($A25,Employee_Cleaned!$A$2:$Q$151,9,FALSE) -> 43023 | J25: =VLOOKUP($A25,Employee_Cleaned!$A$2:$Q$151,10,FALSE) -> 8 | K25: =VLOOKUP($A25,Employee_Cleaned!$A$2:$Q$151,11,FALSE) -> 2017 | L25: =VLOOKUP($A25,Employee_Cleaned!$A$2:$Q$151,12,FALSE) -> 10 | M25: =VLOOKUP($A25,Employee_Cleaned!$A$2:$Q$151,13,FALSE) -> 1 | N25: =VLOOKUP($A25,Employee_Cleaned!$A$2:$Q$151,14,FALSE) -> 46090.857 | O25: =VLOOKUP($A25,Employee_Cleaned!$A$2:$Q$151,10,FALSE) -> 8 | P25: =VLOOKUP($A25,Employee_Cleaned!$A$2:$Q$151,16,FALSE) -> Female | Q25: =VLOOKUP($A25,Employee_Cleaned!$A$2:$Q$151,17,FALSE) -> user188@example.com
A26: EMP1149 | B26: =VLOOKUP($A26,Employee_Cleaned!$A$2:$Q$151,2,FALSE) -> SamWilson | C26: =VLOOKUP($A26,Employee_Cleaned!$A$2:$Q$151,3,FALSE) -> Sam | D26: =VLOOKUP($A26,Employee_Cleaned!$A$2:$Q$151,4,FALSE) -> Wilson | E26: =VLOOKUP($A26,Employee_Cleaned!$A$2:$Q$151,5,FALSE) -> SamWilson | F26: =VLOOKUP($A26,Employee_Cleaned!$A$2:$Q$151,6,FALSE) -> Marketing | G26: _ | H26: =VLOOKUP($A26,Employee_Cleaned!$A$2:$Q$151,8,FALSE) -> 98475 | I26: =VLOOKUP($A26,Employee_Cleaned!$A$2:$Q$151,9,FALSE) -> 43051 | J26: =VLOOKUP($A26,Employee_Cleaned!$A$2:$Q$151,10,FALSE) -> 8 | K26: =VLOOKUP($A26,Employee_Cleaned!$A$2:$Q$151,11,FALSE) -> 2017 | L26: =VLOOKUP($A26,Employee_Cleaned!$A$2:$Q$151,12,FALSE) -> 11 | M26: =VLOOKUP($A26,Employee_Cleaned!$A$2:$Q$151,13,FALSE) -> 1 | N26: =VLOOKUP($A26,Employee_Cleaned!$A$2:$Q$151,14,FALSE) -> 46090.857 | O26: =VLOOKUP($A26,Employee_Cleaned!$A$2:$Q$151,10,FALSE) -> 8 | P26: =VLOOKUP($A26,Employee_Cleaned!$A$2:$Q$151,16,FALSE) -> Other | Q26: =VLOOKUP($A26,Employee_Cleaned!$A$2:$Q$151,17,FALSE) -> user30@example.com

Sheet Index&Match
A1: EmployeeID | B1: Name | C1: FirstName | D1: LastName | E1: CleanedName | F1: Department | G1: Country | H1: Salary | I1: Date | J1: Experience | K1: Joining Year | L1: Joining month | M1: Joining weekday | N1: Current_Date_Time | O1: PerformanceRating | P1: Gender | Q1: Email
A2: EMP1011 | B2: =INDEX(Employee_Cleaned!$B$2:$B$151,MATCH(A2,Employee_Cleaned!$A$2:$A$151,0)) -> SamWilson
A3: EMP1012 | B3: =INDEX(Employee_Cleaned!$B$2:$B$151,MATCH(A3,Employee_Cleaned!$A$2:$A$151,0)) -> BobJohnson
A4: EMP1019 | B4: =INDEX(Employee_Cleaned!$B$2:$B$151,MATCH(A4,Employee_Cleaned!$A$2:$A$151,0)) -> EveAdams
A5: EMP1022 | B5: =INDEX(Employee_Cleaned!$B$2:$B$151,MATCH(A5,Employee_Cleaned!$A$2:$A$151,0)) -> EveAdams
A6: EMP1029 | B6: =INDEX(Employee_Cleaned!$B$2:$B$151,MATCH(A6,Employee_Cleaned!$A$2:$A$151,0)) -> BobJohnson
A7: EMP1038 | B7: =INDEX(Employee_Cleaned!$B$2:$B$151,MATCH(A7,Employee_Cleaned!$A$2:$A$151,0)) -> JohnDoe
A8: EMP1049 | B8: =INDEX(Employee_Cleaned!$B$2:$B$151,MATCH(A8,Employee_Cleaned!$A$2:$A$151,0)) -> EveAdams
A9: EMP1051 | B9: =INDEX(Employee_Cleaned!$B$2:$B$151,MATCH(A9,Employee_Cleaned!$A$2:$A$151,0)) -> SamWilson
A10: EMP1054 | B10: =INDEX(Employee_Cleaned!$B$2:$B$151,MATCH(A10,Employee_Cleaned!$A$2:$A$151,0)) -> BobJohnson
A11: EMP1055 | B11: =INDEX(Employee_Cleaned!$B$2:$B$151,MATCH(A11,Employee_Cleaned!$A$2:$A$151,0)) -> ChrisLee
A12: EMP1058 | B12: =INDEX(Employee_Cleaned!$B$2:$B$151,MATCH(A12,Employee_Cleaned!$A$2:$A$151,0)) -> SamWilson
A13: EMP1060 | B13: =INDEX(Employee_Cleaned!$B$2:$B$151,MATCH(A13,Employee_Cleaned!$A$2:$A$151,0)) -> Unknown
... A26: EMP1149 | B26: =INDEX(Employee_Cleaned!$B$2:$B$151,MATCH(A26,Employee_Cleaned!$A$2:$A$151,0)) -> SamWilson

Sheet Pivot tables_Chart
A3: Row Labels | B3: Average Salary | C3: Employee Count
A4: Finance | B4: 65666.045 | C4: 22
A5: HR | B5: 67769.833 | C5: 24
A6: IT | B6: 66162.44 | C6: 25
A7: Marketing | B7: 63955.069 | C7: 29
A8: Sales | B8: 67865.692 | C8: 26
A9: Unknown | B9: 66572.708 | C9: 24
A10: Grand Total | B10: 66280.933 | C10: 150

Sheet Pivot Chart
A1: Row Labels | B1: Sum of Salary
A2: Finance | B2: 1444653
A3: HR | B3: 1626476
A4: IT | B4: 1654061
A5: Marketing | B5: 1854697
A6: Sales | B6: 1764508
A7: Unknown | B7: 1597745
A8: (blank)
A9: Grand Total | B9: 9942140

Sheet Report
A1: Day 17 – Charts & Graphs (Part 1)
A2: Practice: Bar, Column, Pie, Line charts.
A3: Task: Visualize key KPIs (such as total sales or average score).
A5: Practiced
A6: Created Bar chart for Average Salary by Department
A7: Created Bar chart for Employee performance by Department
A8: Created Clustered Column Chart for Employee count for Department
